COUNTRY,DATE,AUTHOR,PLATFORM,matched_keyword,TITLE,TEXT,post_reco,comment_text,comment_up,__source_file,judgment,evidence_source,특이사항시 체크
KOREA,2023-10-19,rkdghk123,MLBPark,설거지,결혼/연애 고기 태우는거 후라이팬 코팅 많이 까먹나요?,"‌
기름 안두르고 양념주물럭 구웠더니 겉면이 바삭하게 맛있게 탔던데
이거 설거지하고 벗겨내고 그러면 코팅 금방 상하죠?
추천
0
공유",0,설거지를 어떻게 하냐에 따라....,0,MLB_전체_KW1.csv,no,text,misogyny 아님.
KOREA,2025-12-26,나여~뻭,MLBPark,설거지,펌글 이혼 완료!!,"‌결혼생활을 되돌아 보며 이런 여자와 살았다는게 유머인 듯하여 유게에 올려봅니다.
형님들 시간은 소중하니까 요약먼저 하자면
퐁퐁 생활 하다가 우울증 걸려서 죽을 것 같다가 순간 깨달아 이혼 결심 후 완료하는데까지 3년 정도 걸렸습니다
1. 결혼 전
- 제 자존감이 너무 낮아져있던 상태에서(상사 x새x) 옆자리 앉아있던 여직원에게 대시하여 만나게 되었습니다
- 뭐 술도 잘 마시고, 맛집 탐방도 좋아하고 MT도 종종 가고 그랬습니다.
- 결혼까지는 좀 애매하다 싶었는데....  결혼 적령기 여성분들은 무섭게 빠져나가지 못하게 밀어 붙이더라구요
- 정신 차려보니 드레스 고르고 있었습니다
2. 결혼 초기
- 맞벌이라 집안일도 제가 거진 다하고 음식도 제가 거진 다했습니다.(할줄 아는게 전혀 없음)
- 신혼 초기에는 다들 비슷하자나요...  부부관계를 갖고 싶은데 거부를 합니다. 그래서 오늘은 별론가 보다 하고 넘겼습니다
- 그 뒤 회사 마치고 밥하고 빨래하고 청소하고 샤워하고 분위기 만들어가는데...
화장실 청소까지 했으면 한번 하려고 했는데 아쉽다. ????
- 난 ㅂㅈ장사하는 여자랑 결혼 한건가 싶기도 하고 먼가 당연한게 아니라 댓가성 부부관계라는 정립에 이상함을 느꼈습니다
- 여행을 가도 계획도 내가 세우고 운전도 내가하고 갔는데 힘들다고 건들지 말라고 징징거리고
- 본인은 몸이 약해서 힘들다고 했는데... 어거지로 우겨서 부부관계를 가졌는데 임신이 되었습니다.
- 몸도 약하고 예민했던 성격이 극에 달하게 됩니다.
- 제가 자다가 뒤척였는데...  새벽 3시에 저를 깨우면서 왜 본인 깨웠냐고 화를 냅니다
- 니 숨소리가 너무 커서 잘 수가 없다... 하며 결혼 4개월만에 각방에 접어 들게 됩니다.
- 되게 슬프게도 이게 마지막 잠자리고 12년간 리스로 살게 됩니다(어거지로 우겨서 한것도 한손으로 꼽을수 있습니다)
- 이쯤되니 저도 지쳤나봅니다. 토요일 좀 늦게까지 자는데 자꾸 뭐라고 해서 [야! 잠좀 자자!!] 라고 소리쳤다가
장모님과 처형이 집에 옵니다. 이서방 야라고는 하지 않았으면 좋겠네... ㅋㅋㅋㅋㅋㅋㅋ 아놔 쓰면서도 화가 나네요 ㅠㅠ
3. 육아시기
- 산후우울증이 왔다. 죽을 것 같다. 장모님, 처남, 처형 등이 돌아가면서 집에 옵니다
- 회사 모임이 오후 6시에 있어서 좀 늦을 거라고 미리 말하니 4시부터 언제오냐며 톡을 합니다
6시인데 아직 안끝났냐고 톡을 해서 아직 가지도 못했다고 하고 무슨일 있나 싶어 집에 갔습니다
배달음식 시켜먹고 있더라구요....
- 아기 목욕시키고 분유타서 먹이고 업고 돌아다닙니다
- 전 부인은 누워서 핸드폰을 만지작 거립니다. 회사 일이고 뭐고 집에와서 애나 보라는 말이었나봅니다
- 다른 날 회사 모임을 갔는데.... 부재중 전화가 20통이 옵니다... 30분 안되는 시간에
미리 이야기 했고 임원분들과 함께 있는 자리에서 이렇게 초를 치니... 임원분이 넌 그만 집에 가라고 합니다
- 집에 가니 말 한마디 못하는 아이랑 하루 종일 있는게 어떤 기분인지 아냐고 애를 침대에 던져버립니다
그 말한마디 못하는 아이가 태어난지 200일 정도 된 제 아이고, 던진 년은 애 엄마입니다
- 정신에 문제 있는 것 같다고 하자 니 정신이 더 문제라면서 쌩GR을 합니다
(이때라도.....)
- 승진도 안되고 회사에서도 안좋은 이미지 쌓고...  이래선 안되겠다 싶어 처의 의견을 수용하여 처가 근처로 이사를 갑니다
출퇴근 시간은 편도 40분에서 2시간으로 늘어났지만 처가 식구들한테 도움도 받겠지란 마음도 좀 있었습니다
- 하지만 퇴근 하고 집에와서 밥솥 눌러놓고 반찬 마련하고 빨래 돌리고 밥 먹고 설거지 하고 청소하고 빨래 널고
본인 산후통으로 몸이 안좋으니 마사지 해달라고 하여 핸드크림 이용하여 정성스럽게 마사지를 해줍니다
40분 넘어가니 압이 쎄다며 저리 꺼지라고 발로 찹니다. 인질 잡듯이 애기하고 같이 자며 저는 혼자 잡니다
- 번아웃이 이럴때 쓰는 걸까요? 이런 생활이 반복되다보니 아무런 힘이 없었습니다
새벽 5시 30분에 일어나 6시 전에 출근해서 집에 오면 7시인데 온갖 집안일을 내가 하는데
주말이면 분유랑 분유통이랑 귀저기 등 챙겨서 핏덩이 카시트에 채워서 혼자 본가 가고
나 없으면 목욕도 혼자 못시키는 X가...   외벌이라 그런지 독박 육아라고... 하하하
소주 3병 마시고 들어가도 애 목욕시키고 분유먹이고 트름 시켜서 포대기 해서 밖에 나가서 재우고 했는데...
독박육아의 힘듬을 니가 아냐. 왜 아이의 성은 니 성을 따라야 하냐 내 성을 따라야 한다 같이 넣자 등
(이때라도.... 상식 밖의 이야기를 할때...  눈치 챘어야 했는데 싶었습니다.)
제가 인싸는 아니지만 찐친들이 4무리 정도 되는데
이 친구들과의 연결을 끊어 버립니다. 아무것도 못하게 하고 어디도 못가게 합니다
처가가 가까우니 어머님께 맡기고 우리도 숨좀 돌리자 하니 우리 엄마가 애보는 시녀냐고
우리 엄마 바쁘고 애 봐줄 시간 없으니 말 같지도 않은 소리 하지 말라네요...
난 머리털 나고 티비나 교과서에서만 보던 지역에 와서 살고 있는데....
나는 임신시켜 애를 낳게 한 죄로 이리 살고 있고, 그 피해는 전처가 고스란히 받고 있다는
지금 생각하면 말인지 방구인지 하는 논리를 들이 대더라구요
- 확실하게 승진할 거라고 믿었는데 미끄러졌습니다. 너무 힘들고 술한잔 할 사람도 없고 방구석에 앉아 있었는데
니가 그따위로 사니까 승진을 못하지 정신 똑바로 차리고 살아 BS아..... 라는 워딩을 하고 문을 닫네요
방구석에 불도 안켜고 앉아만 있었는데 승진도 못하고 와이프는 저주를 내뱉고 새벽 3시가 지났는데 잠이 안오더라구요
19층 정도 되었었는데... 여기서 떨어지면 아플까?  많이 안아프지 않을까? 란 말도 안되는 생각을 하게 됩니다.
생각만 한게 다행이었죠... 이 시기부터 무력감으로 아무것도 못하고 아무말도 안하고 집안일도 안하고 애도 안보게 됩니다
4. 지금 돌이켜보며 우울증이었던 시기
- 리스가 3년정도 지나자 미칠 것 같았습니다.
발정난 x새x도 아니고 힘은 뻗는데 쓸데가 없으니 사람 환장하겠더라구요
회사 생활은 그냥 저냥 하고 있습니다. 웃기는 하는데 화내는 법을 잃어버려서 종일 웃고만 있었던 것 같습니다
집에 오면 아무말도 안하고 그냥 멍하니 있었습니다.
집에 들어가기가 싫더라구요
여기는 처가 근처 부를 친구도 없고 편의점에서 컵라면 하나에 소주 하나 먹고 차에서 자다가 늦게 들어가곤 했습니다
- 부부상담을 제안해서 갔습니다.
그것도 아이를 제대로 키우기 위한 자녀를 위한 상담이라고 뻥쳐서 다녀왔습니다.
어릴때 부모로 부터 학대를 당했냐. 부모님과의 관계는 어떠냐 등등... 교수가 말도 안되는 소리만 하더라구요
따박따박 말하고 이렇다 저렇다. 편도 두시간 출근거리로 이사왔는데 정작 처가에서는 1도 도움을 안준다고 하고
전처가 가자고 해서 이사온건데 제가 우겨서 이리 이사 왔다고 하네요
이런 상황에서 무슨 말을 하냐고 되묻고 하니....
교수가 그동안 너무 많이 힘들었던 것 같다고 고생했다고 위로해주네요
부부상담 후 문제가 조금 더 있어보이는 사람을 남아서 따로 상담을 하는데...
다음부터는 전처가 남게 될 거라고 하더라구요
부부상담 후 한마디가 [말 잘하더라] 이 한마디가 끝이었습니다 ㅋㅋㅋㅋㅋ
5. 이혼 결심 시기.
- 둘이 있는게 너무 어색해서 아이 교육에 안좋을 것 같아서 여행을 많이 다녔습니다
전 여럿이서 가면 좋겠지만 다른 사람들과 함께 있는 게 불편하다고 3명이서만 다녔습니다
그러다가 장모님, 처남, 처형네 등 오면 같이 가곤 했지요
그런데 우리 부모님하고는 불편해서 같이 가기 힘들다고 하네요.
정확한 워딩으로는 [내가 니 부모님하고 갈수 있는 여행은 1박 2일이 한계야 ] 라고 말할 때
아... 우리 엄마 아빠가 너한테는 그런 존재였구나... 그럼 니네 가족과 같이 여행 다녔던 나는 모지?
숙소 예약해, 운전해, 식당 알아봐, 처가 식구들 픽업해, 돈도 내 카드로 해......
아 호구 잡혔구나. 우리 엄마가 아빠가 너한테 이런 대접 받는줄 모르실텐데.....
이사하고 며느리 불편할까봐 7년동안 딱 1번 오셔서 식사하시고 과일먹고 그냥 가셨는데....
정신이 확 들더라구요
이 사람과 살면 지금은 그냥저냥 버니까 괜찮아도 노년에는 개밥 신세도 못 면하겠구나
아들은 친구와 친구 부모님이 있는 가운데 우리집은 아빠가 돈을 못 벌어서 가난하단 소리를 하고
한번 안아주려고 가면 싫다고 아빠 저리가라고 하고
그따위로 사니까 승진을 못하지 정신 똑바로 차리고 살아 BS아가 머리속에 멤돌고
전 여자친구와는 대실해서 7번 연속 4시간동안 쉬지 않고 물고 빨고 하던 내 성욕이 폭발하기도 하고
나이 마흔 넘어서 몽정할 줄이야.....(몽정 후 품번 찾아서 혼자 위로 하며 주기적으로 빼고 있습니다 ㅠㅠ)
- 5시 반에 일어나서 출근하는데 너무 머리 아프고 복잡한일이 많아서 한시간 정도 일찍 일어났습니다.
일찍 일어났는데 아침 먹고 가야겠다 싶어 밥솥에서 밥좀 푸고 고추장에 참기름 넣어서 비벼먹었습니다
비비는 달그락 소리가 너무 크다 온 아파트에 너 출근하는 거 알리려고 그러냐
사람이 상식이 없냐 왜 그 따위로 사냐.... 등 하면서 소리 안나는 실리콘 수저를 사다 놨더라구요 ㅋㅋㅋ
이것도 치욕인데....
또 일찍 일어나서 그렇게 먹고 갔더니 그릇을 물에 담가두지 않아서 고추장, 참기름 냄새가 빠지지 않는다
하루 종일 머리 아파서 아무것도 못했다 일부러 그러는 거냐 뭐냐.... 해서
물틀으면 시끄러울까봐 조용히 싱크대에 내려만 놓았다 라고 대답을 했는데... 왜이렇게 치욕스러운지
아침에 내가 깨워달라고 한것도 아니고 밥을 차리란 것도 아니고... 서러움이 폭발하더라구요
머 이런 여러가지 이유로 이제는 그만 살자!! 로 귀결되었습니다.
그렇게 이혼 결심을 확고히 하고 이혼까지 3년 걸렸습니다.
아이 생각하면 정말 쉽지 않더라구요
전처는 아직도 제가 정신 차리고 똑바로 살면 같이 살아줄 의향이 있다네요...
혼자 일찍 일어나서 출근하고 일찍 퇴근해서 집 청소 같이하고(말은 같이지만 제가 다 해야합니다 늘상 그래왔으니)
설거지 하고 아이와 놀아주고 아이 공부도 봐주고 아이 목욕도 시키고(이건 지금도 하는 일이라...)
그럼 같이 살아주겠데요 ㅋㅋㅋㅋ
이년아 이제 내가 싫다.
작년 10월 협의이혼 마치고 이제 조정기간도 마쳐서 법적으로 총각으로 돌아왔습니다.
15년의 결혼생활이 이렇게 파국을 맞아서 너무 가슴아프고 그런데.... 자꾸 웃음만 납니다 ㅎㅎㅎ
올 여름엔 강원도 한번, 서해 한번, 제주도 한번 이렇게 아들 데리고 여행 다녀와야겠습니다 ㅎㅎ
결혼도 쉽지 않은데 이혼은 백배는 더 힘드네요...
나이에 맞춰서 이정도면 괜찮지 않을까 싶은 결혼을 한 제가 후회스럽고, 더 일찍 이혼하지 못한게 한이네요
앞으로 살아갈 날이 더 많이 남아있기에 잘 헤어진 것 같다고 어머님이 응원해주시네요 ^^;;...
자극적인 제목 죄송합니다.
보배 형님들은 항상 행복하시고 좋은 일들만 가득하시길 기원합니다!
추천183공유
추천
485
공유",485,글쓴분의 최대 잘못 *정신차려보니 결혼*입니다. 평생 함께할 반려자를 최소한의 고민과 각오없이 선택하다니요. 인생  막 살자고 결심한 것도 아니고 이건 변명의 여지없는 잘못입니다. 모든 선택에는 결과에 대한 책임이 따르는 것인데 15년의 세월로 값을 치룬걸로 생각해야합니다. 그러나 많은 분들은 자신의 실수와 잘못은 인정하지않고 재수없어 걸렸다고 생각하죠. 그래서 똑같은 실수를 반복하더군요. 전처가 엄청 예쁜데 사치스러워서 감당 못해서 5년만에 이혼한 직장동료 있었는데 다시 만난 여친 명품 계속 사다받치고 있습디다. 자기반성이 먼저.,0,MLB_전체_KW1.csv,no,text,misogyny 아님.
KOREA,2023-02-07,Unknown,FMkorea,설거지,식기세척기는 진짜 논란의 대상이 아닌데,"로봇청소기는 어차피 청소기를 내가 다시 관리해줘야해서 그나마 좀 논란 될지 몰라도
식기세척기는 캐스케이드랑 같이 쓰면 인생이 바뀌는데
와이프 맨날 설거지하느라 저녁먹으면 9시 넘어서 설거지 끝났는데
이제 먹고 헹구고 넣고 끝나니까 8시부터 넷플릭스봄 ㅋㅋ
게다가 캐스케이드 세척제 쓰면 식세기 안까지 자동으로 매번 청소되니까 걱정할게 없음
거기에 매번 고온 살균 소독하니까 그릇 꺼낼때마다 쾌적함
거의 피쳐폰에서 스마트폰 넘어가는 수준임",15,"일펨싸개
개죽이는 모르는 세상이죠",1,FM자유_kw1.csv,no,text,misogyny 아님.
KOREA,2023-06-20,엘지LG엘지,MLBPark,설거지,방송 나의아저씨 1화 보는데 너무 우울한데요??,"불펜에서 추천들을 하도 많이 하셔서
처음으로 보는중입니다.
근데 1화부터 너무 우울한데요?
아이유는 설거지하다 음쓰를 싸가네요ㅠ
이선균 와이프는 설마 그건가요...
드라마가 내내 우울한 분위기인가요?
추천
0
공유",0,1회만 넘기면 된다는데 몇번 시도해도 1회를 못넘겨서 아직 못보는 1인입니다.,0,MLB_전체_KW1.csv,no,text,misogyny 아님.
KOREA,2022-04-13,Unknown,FMkorea,설거지,돈만 있으면 살림 진짜 개좆밥아님?,"빨래는 세탁기,건조기 돌리고
청소는 청소기,로봇청소기 돌리고
설거지는 식기세척기 잇고
걍 점심쯤 몰아서하면
나머지 다 자유시간아님?",1,사람을 고용하지 않을까?,0,FM정치_kw1.csv,no,text,
KOREA,2018-08-24,ㅇㅋ (175.223),DCinside,설거지,요즘 무조건 거르는.... 배달음식집...jpg,"좆회용 용기' 이거 쓰는 새끼들 집은 무조건 거름 좆회용 용기 쓰는 이유가 그냥 지들 설거지, 그릇 수거 귀찮으니까 직무유기하고 손님한테 모든 책임 떠넘기는거 그 이상 그 이하도 아님. 게다가 거의 대부분의 음식점은 배달비에 최소배달 조건까지 내걸고 판매하고 있어서 대부분 15000은 넘어감. 근데 좆회용 용기? 씹창렬이나 다름없음 걍 장사할 마음이 없다는거 ㅇㅇ 차라리 그릇 씻어서 주는게 낫지 일회용 그릇 쓰면 건강에도 수십배 안좋음 플라스틱 써서 환경에도 안좋고 이거 쓰는 집은 절대 시키지마라 돈낭비 ㅇㅇ",330,설거지꼬라지 보고 이런소리하냐  - dc App,0,DC_new7_kw1.csv,no,text,
KOREA,2024-09-07,Unknown,FMkorea,설거지,군대 습관 남아있는거 있냐 다들,"난 팬티랑 양말 아직도 군대식으로 개고
비닐같은거 쪽지 만들어서 버리고
설거지할 때 통에다가 세제에 뿌리고 물 부어서 거품내서 그 거품으로 설거지함ㅋㅋ",15,수건 빨아서 수납장에 넣을때 칼각 잡아서 넣음,1,FM자유_kw1.csv,no,text,
KOREA,2023-12-14,Unknown,FMkorea,설거지,군대에서 설거지나 세탁기 세제도 따로 샀냐???,"이런 분들은 대체 몇년도 군번이신거냐? ㄷㄷㄷㄷ
라떼도 주방에 트리오, 세탁실에 브라이트 운영비로 다 사다놨었는데 ㄷㄷㄷ",3,"빨래비누 있잖아
농담 아니라 라떼는 식기도 빨래비누 썻음;",1,FM정치_kw1.csv,no,title,
KOREA,2024-10-28,엽경염,MLBPark,설거지,고민상담 부모님이 한심해보입니다.,"안녕하세요, 30대 불페너입니다.
반복되는 부모님의 갈등을 보면서 한심하다는 생각이 듭니다. 누워서 침뱉기인 줄 알지만 답답해서 글 남겨봅니다.
1. 아버지는 자영업, 어머니는 가정주부였습니다. 그러나 아버지의 일거리가 현저히 줄면서 약 20년 전부터는 아버지가 살림, 어머니가 자영업을 하고 있습니다.
2. 최근 몇 년간 부모님의 갈등이 잦습니다. 보통은 어머니가 퇴근하거나, 출근하지 않는 날 제가 보기엔 사소한 것으로 다툽니다. (예를 들면, 집안 청소 상태가 마음에 안든다던지, 설거지 후 싱크대에 물기가 남아있다던지, 집안 물건 비치 위치가 어머니 마음에 안든다던지)
3. 아버지는 2.같은 상황들을 답답해하고, 특히 본인이 살림을 주로  하기 때문에 물건 위치 바꾸는건 하지 말라고도 하나, 바뀌는 건 없습니다. (어머니가 주로 후라이팬, 냄비 등 가재도구의 위치를 임의로 바꿔놓고 가고, 왜 그러느냐고 물어보면 그게 맞는 자리랍니다.)
4. 어제는 아버지가 과자를 드시고 식탁에 빈 봉투를 두었다는 이유로 어머니가 화를 내며 갈등이 시작됐습니다.
5. 어머니는 아버지에게 노후 준비를 하려면 10년 이상 일해야 하는데, 언제까지 일 안하고 빨대 꽂고 살거냐며, 나가서 대리운전이나 버스기사라도 하던지 아니면 죽으라고 말했습니다. 동생이 6년 넘게 취준 중인 것도 아버지 탓이고, 아버지가 일할때도 쥐꼬리만한 월급으로 생활하느라 힘들었다면서요.
6. 전에도 아버지는 현재 새로운 일을 해야 하지 않겠냐고 하면, 능력이 없다, 나이가 차서 할 수 있는 일이 없다고만 하니 의지가 없어보여 답답하기도 합니다.
7. 저도 노후 준비가 필요하다는 말엔 공감했고, 두분이 상의할 일이라고 생각했지만 말이 지나쳐 제가 제지를 하면서 어머니에게 언성을 높이고 상황은 끝났습니다.
7.  저도 언성 높인것은 백번 잘못한 일이라 생각은 듭니다. 아버지의 태도도 답답하고, 가족 구성원을 존중하지 않는 어머니의 언행이 반복되는 게 보기 싫고 스트레스가 됩니다.
결론: 같은 문제는 계속 반복될 가능성이 커보여 답답하고 어머니는 솔직히 집안 분위기 망치는 모습도 싫고 얼굴 보기도 싫습니다. 하지만 위 상황을 제가 해결할 방법은 없는 것 같아 답답하네요.. 그냥 신경 끄는 수밖에 없는걸까요?
추천
1
공유",1,삭제된 댓글입니다,0,MLB_전체_KW1.csv,no,text,
KOREA,2021-10-25,ㅇㅇ (118.235),DCinside,설거지,근데 설거지 그게뭐 어렵냐?,그냥 음식먹고 휴지로 싹 한번 닦으면 끝나는데 나 싱크대물 틀어본적없는데,0,,0,DC_new10_kw1.csv,no,text,
KOREA,2022-11-09,깡다구야구,MLBPark,설거지,음식 간만에 라면,"설거지 귀찮아서 냄비채로
추천
0
공유",0,김치가 아니라서 빠꾸,0,MLB_전체_KW1.csv,no,text,
KOREA,2025-05-28,Unknown,FMkorea,설거지,거지,설거지 끗,19,"알마다
지금 안해놓으면 내일 아침 밥먹을 그릇이 없어유 ㅠㅠ",1,FM자유_kw1.csv,no,comment,
KOREA,2025-02-20,흡혈돼지,MLBPark,설거지,일상 알바시절 술집에 케이크가져와서 생파하던 손님들 진짜 싫었었네요,"‌4-5명 몰려와서 생일파티한다고 케잌꺼낸 후
앞접시도 인당 하나씩 따로 요구.
알바였던 내 입장에선 기름,크림 묻어서 식기 설거지 개빡세고
당시 사장님 말로는 승인하면 외부안주 허용이되고
거부하면 생일축하도 막는 냉혈한이 된다고..
그때 느낀게 생각보다 케이크 들고와선 생일파티하는걸
따뜻한 온정으로 이해바라는 손님이 많더군요
추천
1
공유",1,삭제된 댓글입니다,0,MLB_전체_KW1.csv,no,text,
KOREA,2022-11-20,anonymouse,MLBPark,설거지,질문 식기세척기 2시간 동안 하는거 맞나요??,"오늘 식기세척기 처음 써보는 중인데
저녁먹고 그릇 몇개 시험삼아 넣고 작동 버튼 눌렀는데
2시간 뜨네요??
설거지 2시간 동안 하는거 맞나요?
추천
0
공유",0,건조 빼셔도 됩니다.,0,MLB_전체_KW1.csv,no,title,
KOREA,2021-12-04,hobin,MLBPark,설거지,음식 간짜장은 왜 소스가 따로나와요?,"어차피 다 집어넣던데 설거지 나오게 왜 굳이 그릇이 나뉘어서 나올까요
추천
1
공유",1,하록선정// 그뜻아닙니다 마를건써서 건짜장이 원래 원조표기인데 점점 간짜장으로 부르는겁니다,0,MLB_전체_KW1.csv,no,text,
KOREA,2021-10-24,Unknown,FMkorea,설거지,아 진짜 설거지고 싸우는거고 롤드컵이고 다좋은데 진짜..내일 월욜이네,하..어지러워,13,"김지수
ㅠㅠㅠ",0,FM자유_kw1.csv,no,title,애매모호함.
KOREA,2024-05-21,김윤식,MLBPark,설거지,뻘글 이런 걸로 사람 걸러본 적 있으면 이상한가요?,"같이 밥 먹으러 식당 갔는데 빈 앞접시에서 고춧가루가 나왔고 말하니 바로 바꿔줬어요. 밥 먹고 나와서 카카오맵 리뷰 쓰더라고요.
그거 보고 아무 생각 없이 집 오다가 뭐라 썼나 궁금해서 가게 평점 들어가봤는데 별점 하나에 설거지 대충함. 다신 안 감. 이라고 써놨더라고요.
평가한 곳 100개 넘고 평균 별점 1.7점.
뭐 식당이니 편의점이니 보건소니 헬스장이니 가릴 거 없이 더러움, 냄새남, 불친절, 시끄러움 이런 거 써놨고요ㅋㅋㅋ
그냥 묘하게 기분이 나빠서 걸렀는데 이상해보이나요?
추천
0
공유",0,음침한 인간이네요  안 풀리면 묻지마 범죄 일으킬듯,0,MLB_전체_KW1.csv,no,text,
KOREA,2025-03-01,물티슈2023,MLBPark,설거지,사회 빚 때문에 극단적 선택 할 필요가 없는 이유..,"모라토리움 선언하면 됩니다, 배째라
(20대 30대)MZ 여러분들 곰곰이 생각하여 보면 빚 못갚을 때 고통 받는 것은 채무자가 아니라 은행 등 채권자입니다
자본주의 사회 법이 발달해서 개인회생을 선택하여 빚을 일부 탕감 받고 원금 일정액 성실히 갚는 방식으로 빚의 굴레에서 몇년 후에 벗어날 수도 있고 정 안되겠으면 파산하면 됩니다
제가 반백인생 살아보니 가수 이상민처럼 버티는 방식이 극단적 선택 보다 100 배는 낫다고 생각합니다
월세도 1번 못낼 때가 가장 스트레스 받고 월세 미납 2~3회 누적되면 고통받는 것은 집주인이고 월세 미납 생길 것 등 다 예상하여 보증금 500만원이든 1000만원이든 방 계약 때 지불하는 것입니다, 집주인이 방 빼라고 명도소송 하게 놔두고 6개월 정도 법적 결과 나올 때까지 마음 편히 살면서 쿠팡 물류 알바든 당근앱 일당 설거지 알바든 뛰면 살 길 생길 거라 믿습니다, 집 좇겨나면 고시원 들어가도 되고 찜질방 장기 투숙도 생각 보다 인간미 넘치는 일들 많고 재밌습니다
추천
0
공유",0,삭제된 댓글입니다,0,MLB_전체_KW1.csv,no,text,
KOREA,2021-04-04,ㅇㅇ (1.177),DCinside,설거지,공용 화장실 비누가 의외로 깨끗하다더라,남들 쓰니깐 오염 됏다는 이미지 잇는데 비누 거품 때문에 균 없대 딴 예로 설거지하고 수세미 헹구지 말라더라 거품 놔두면 살균 효과가 잇대,0,시발년아 삼투압 해봐 삼투압,0,DC_new10_kw1.csv,no,text,
KOREA,2024-10-28,엽경염,MLBPark,설거지,고민상담 부모님이 한심해보입니다.,"안녕하세요, 30대 불페너입니다.
반복되는 부모님의 갈등을 보면서 한심하다는 생각이 듭니다. 누워서 침뱉기인 줄 알지만 답답해서 글 남겨봅니다.
1. 아버지는 자영업, 어머니는 가정주부였습니다. 그러나 아버지의 일거리가 현저히 줄면서 약 20년 전부터는 아버지가 살림, 어머니가 자영업을 하고 있습니다.
2. 최근 몇 년간 부모님의 갈등이 잦습니다. 보통은 어머니가 퇴근하거나, 출근하지 않는 날 제가 보기엔 사소한 것으로 다툽니다. (예를 들면, 집안 청소 상태가 마음에 안든다던지, 설거지 후 싱크대에 물기가 남아있다던지, 집안 물건 비치 위치가 어머니 마음에 안든다던지)
3. 아버지는 2.같은 상황들을 답답해하고, 특히 본인이 살림을 주로  하기 때문에 물건 위치 바꾸는건 하지 말라고도 하나, 바뀌는 건 없습니다. (어머니가 주로 후라이팬, 냄비 등 가재도구의 위치를 임의로 바꿔놓고 가고, 왜 그러느냐고 물어보면 그게 맞는 자리랍니다.)
4. 어제는 아버지가 과자를 드시고 식탁에 빈 봉투를 두었다는 이유로 어머니가 화를 내며 갈등이 시작됐습니다.
5. 어머니는 아버지에게 노후 준비를 하려면 10년 이상 일해야 하는데, 언제까지 일 안하고 빨대 꽂고 살거냐며, 나가서 대리운전이나 버스기사라도 하던지 아니면 죽으라고 말했습니다. 동생이 6년 넘게 취준 중인 것도 아버지 탓이고, 아버지가 일할때도 쥐꼬리만한 월급으로 생활하느라 힘들었다면서요.
6. 전에도 아버지는 현재 새로운 일을 해야 하지 않겠냐고 하면, 능력이 없다, 나이가 차서 할 수 있는 일이 없다고만 하니 의지가 없어보여 답답하기도 합니다.
7. 저도 노후 준비가 필요하다는 말엔 공감했고, 두분이 상의할 일이라고 생각했지만 말이 지나쳐 제가 제지를 하면서 어머니에게 언성을 높이고 상황은 끝났습니다.
7.  저도 언성 높인것은 백번 잘못한 일이라 생각은 듭니다. 아버지의 태도도 답답하고, 가족 구성원을 존중하지 않는 어머니의 언행이 반복되는 게 보기 싫고 스트레스가 됩니다.
결론: 같은 문제는 계속 반복될 가능성이 커보여 답답하고 어머니는 솔직히 집안 분위기 망치는 모습도 싫고 얼굴 보기도 싫습니다. 하지만 위 상황을 제가 해결할 방법은 없는 것 같아 답답하네요.. 그냥 신경 끄는 수밖에 없는걸까요?
추천
1
공유",1,무조건 나가서 사셔야되요,0,MLB_전체_KW1.csv,no,text,
KOREA,2022-04-10,신드바드,MLBPark,설거지,음식 제가 요즘 생각한건데 밀키트 식당 어떤가요???,"식당 한켠에 밀키트 메뉴 쫙 진열되어있고
손님은 그거 골라서 자리에 갖고 가서 해먹는거에요
테이블 마다 버너 있고
후라이팬, 냄비 사이즈 별로 있고....
밀키트 메뉴는 뭐 부대찌개, 찜닭, 제육볶음, 불고기, 낙지볶음
뭐 얼마든지 다양하게 할수 있고
반찬도 반찬가게 마냥 냉장고에 들어있어서
돈주고 사먹는 시스템
식당에서 해먹고 가니까 설거지 귀찮음 이런거 없고
괜찮지 않나요?
추천
0
공유",0,굽신굽신굽//식당 음식 사먹으면 되는데 뭔 설겆이 타령이에요 ㅋㅋㅋㅋ,0,MLB_전체_KW1.csv,no,text,
KOREA,2021-11-15,ㅇㅇ (58.140),DCinside,설거지,설거지할건데 세제추천좀,보닌 미성년자임 오해 ㄴ,1,왜,0,DC_new10_kw1.csv,no,title,
KOREA,2022-05-23,선넘는놈,MLBPark,설거지,사회 회사에서 정신나간 꼰대짓 안한다고 따돌림 받는중,"정말 우리 회사 미친것 같습니다.
실상은 니가 미친거 아니냐고 할 수도 있는데 아무리 생각해도 제가 미친건 아니에요.
1 저희회사는 복도, 화장실은 청소부 쓰는데 사무실은 사무실직원들이 합니다.
근데 과장급이 되면 죄다 청소에서 손떼려고 해요.
우리부서 평수가 70평쯤 되는데 제가 손떼면 3명에서 해야합니다.
사무실 쓸고 닦고 화분들에 물주고 뭍받침에 물비우고 가장 웃긴건 윗사람들은 자기 쓰레기통 안비워서 그것까지 비워줘야 합니다.
저도 작년부터 과장됐는데 대리까지 하도 ㅈ같아서 과장되고도 도와주는 형식으로 있습니다.
근데 그거 도와준다고 욕먹고 있는 중입니다. ㅋㅋㅋ
2. 저희회사는 과장이상 개인이 쓰고있는 컵, 텀블러를 말단 여직원들에게 매일 설거지 해와라고 합니다.
저는 이건 암만봐도 미친짓이라 그냥 제가 퇴근하기전 화장실에서 물로 간단하게 씻고
주말에 가져가서 제대로 설거지해서 옵니다.
근데 설거지 안맡긴다고 욕듣고 있습니다 ㅋㅋㅋㅋ
이게 전부 구라같죠?
놀랍게도 자산5000억이상 중견기업에서 벌어지고 있는 일입니다.
그럼 저딴짓 안하면 안하는거지 왜 다른 인간들이 저를 욕하느냐???
니만 잘났다고 그런거 안하기 시작하면 우리만 이상한 인간들 되는거 아니냐?
니 때문에 과장이상급들이 받던 예우들 없어지게 생겼다.
진짜 이러면서 단체로 갈구네요 ^^ 제가 막내과장급이라.
이상하게 우리회사는 같은 30대들도 꼰대나 전체주의적 사고 가진사람들만 넘치네요.
우리 사무실에서 과장이상 중 꼰대아닌사람 저말고 다른 한분있는데 그분도 왕따입니다. ㅋㅋㅋㅋ
그분도 청소도와주다 욕먹는거 본적 있음.
덕분에 둘다 왕따라 둘다 진급은 포기하고 같이 친하게 지내는중입니다.
우릴 왕따야 이러면서 ㅋㅋㅋ
추천
1
공유",1,일제의 만행이 싫은 사람이 죄다 만주로 떠나야 하는 건 아니죠 자기 자리에서 적폐문화를 바꾸는 사람들도 더러 있죠,0,MLB_전체_KW1.csv,no,text,
KOREA,2025-09-01,짱구군,MLBPark,설거지,뻘글 혹시 1인가구 식기세척기 돈낭비일까요,"이사가는데 거의 시켜먹기는하는데 이틀치 설거지거리 모아서 한번에 처리하면 편할꺼 같기도하고
거진100만원돈이라 고민되네요
추천
0
공유",0,네,0,MLB_전체_KW1.csv,no,title,
KOREA,2018-11-16,ㅇㄴㅁ (14.42),DCinside,설거지,예전 2ch새끼들이 흙수저 집구석,나열한거 존내 웃겼는데... 아버지가 런닝차림이다.... 낮에 갔는데...아버지가 집에 있다 찐득찐득 설거지가 덜된 유리컵에 보리차를 내놓는다 등등 ㅋㅋㅋ,0,슬프지만 정확한거 같은데?,0,DC_new7_kw1.csv,no,text,
KOREA,2025-02-19,Unknown,FMkorea,설거지,2차전지 > Ai반도체 > 우주/방산 > 로봇 > 조선 > ??,국장은 항상 다음을 준비해야됩니다 ㅋㅋㅋㅋ\n뒤늦게 따라들어가면 설거지 당하는게 일상인지라..\n다음타자는 자율주행 or 헬스케어 준비해봅니다 성투!🫡,8,내그릇의가니쉬\n유망하죠ㅎㅎ 근데 엔터는 주력아이돌 컴백에 맞춰서 일정매매하는게 좋아보여서요 저는 아직~~,0,FM주식_kw1.csv,no,text,파생으로? + text로 수정
KOREA,2025-04-04,파란빨간맛,MLBPark,설거지,사회 ‘국 그릇’이 뭐라고…급식 중단에 단축 수업까지,"https://naver.me/IItpVSqN
학교는 안전과 편의를 위해 국그릇 사용해달라 함
조리원들은 식판 외에 용기를 더 쓰면 설거지 업무가 가중된다며 꺼림
학교 측은 조리원 결원을 가정해 '대체 인력'을 쓸 수 있는지 검토
급식 조리원 10명 중 8명이 월요일 오전 돌연 파업 결정
손질하던 점심급식 재료 모두 폐기처분
학교 점심 급식 못해서 단축수업
학교측은 조리원 현원이 정원보다 1명이 더 있는데다, 하루 휴식 시간도 3시간으로 충분해 추가 그릇을 쓰는 게 무리한 요구는 아니라고 함
추천
0
공유",0,"문제가 조리원들 다짤라버리면 그 빈자리 채우기가 힘들다는거,  그걸아니 배짱인거죠",0,MLB_전체_KW1.csv,no,title,
KOREA,2023-11-03,사라랜스,MLBPark,설거지,뻘글 온수로 설거지를 해야 하는 이유.jpg,"‌
추천
19
공유",19,이런건 누가 안알려줘도 알게되죠,0,MLB_전체_KW1.csv,no,title,
KOREA,2025-06-01,아싸기분조,MLBPark,설거지,뻘글 이시언 군대에서 설거지 비누로 한게 말이 되나요?,"‌저도 세제로 했는데?
97군번인데
수세미썼는데
이시언은 쇼파 뜯어서 썼다네요
추천
0
공유",0,95. 빨래비누. 주워온 스펀지,0,MLB_전체_KW1.csv,no,title,
KOREA,2024-02-16,Unknown,FMkorea,설거지,설거지 알바 구함,https://www.fmkorea.com/6728036491\n복사,0,많이도구했네,0,FM주식_kw1.csv,no,title,
KOREA,2023-11-03,사라랜스,MLBPark,설거지,뻘글 온수로 설거지를 해야 하는 이유.jpg,"‌
추천
19
공유",19,하다못해 고기 불판도 펄펄끓는물에 담궈서 기름기 빼내고 식기세척기 돌리고 행궈낸후 세팅해놓고 손님들한테 나가는거 몰라서 안한다기 보다는 개인이 하는 사람은 몇없을듯,0,MLB_전체_KW1.csv,no,title,
KOREA,2025-03-16,Unknown,FMkorea,설거지,하. 지인들 놀러와서 밥먹고가니 설거지가 산더미다데쑤...,귀찮다데쑤. .\n그릇 몇개없어서 설거지안하면 다음 밥 풀 그릇도 없어... 냥...,4,약수물로 설거지 드가쟈,1,FM주식_kw1.csv,no,title ,
KOREA,2021-12-09,밥먹는크리스,DCinside,설거지,"설거지 알바 하면서느낀거,,",나없으면 레스토랑일안돌아감 ㅋㅋ내가 레스토랑통이된기분 노가다하는게더쉬움,0,,0,DC_new10_kw1.csv,no,title,
KOREA,2021-10-22,Unknown,FMkorea,설거지,진정 레전드 설거지가 먼지 보여줘? jpg,썸에이지라는 회사가 2월 15일 호재로 상한가 달성\n52주 최고가 갱신\n.\n.\n.\n.\n그리고 장마감 후\n상폐 공지 뜸\n어메이징 설거지,17,그릇째로 압수 ㄷㄷㄷㄷ,0,FM주식_kw1.csv,no,text,파생으로? + text로 수정
KOREA,2021-10-24,Unknown,FMkorea,설거지,근데 진짜 여러분 식세기 사세요,돈아까워서 사는거 반대했었는데\n진짜 신세계임\n식사하고 설거지하느라 누군가의 시간을 안버려도 되서 좋고 요리할때 설거지느는거 걱정안해도 되서 좋음\n요리 자주 하시는 분들은 진짜 삶의 질 달라지는 거 느끼실거임,10,이재용의아이폰\nAs땜에 국산가야됨 ㅎ,0,FM주식_kw1.csv,no,title,
KOREA,2020-03-21,릅신,DCinside,설거지,흙수저 천한 유전자 집 특징.txt,1. 똥휴지통 씀 2. 화장실에 뭔지 모를 더러움이 있음 3. 반찬통째 꺼내먹음 4. 사시사철 언제 가도 설거지통에 그릇 담겨있음 5. 높은 확률로 젓가락질 씹창임 6. 빨래다이에서 옷 직접 걷어 입음(안개킴) 7. 뭔지 모를 쿰쿰한 냄새 풍김 8. 집구석에 과자 라면 스팸 존나게 많음,1,개씹ㅎㅌㅊ흙은데 3뿐이노,0,DC_new8_kw1.csv,no,text,
KOREA,2020-02-26,Unknown,FMkorea,설거지,아씨 설거지하다가 빡쳐버리네,"이게 왜 집에 있누 ㅋㅋㅋㅋ
당장 깨려다가 컵이 무슨 죄가 있냐 싶어서 고이 씻어둠",18,"검찰수호
윗댓 말처럼 문재인 잡혀갈 때까지 존버해서 포텐 갈 거임",0,FM정치_kw1.csv,no,text,
KOREA,2022-02-08,ㅇㅇ (49.175),DCinside,설거지,자취할땐 설거지안하려고,반찬은 종이컵에담고 밥은 일회용접시에담음,0,,0,DC_new10_kw1.csv,no,text,
KOREA,2022-11-07,연쇄살면자,MLBPark,설거지,음식 오랜만에 라면..  ㅇㅓ떤가요?,"순두부10라면
순두부는 아래에 숨어버렸고
설거지를 줄이기 위해 냄비째입니다.
추천
0
공유",0,국이 짜네요,0,MLB_전체_KW1.csv,no,text,
KOREA,2022-12-22,뉴트럴,MLBPark,설거지,뻘글 라면을 끓여서 그릇에 담아 먹는게 이해가 안되요,"라면냄비채로 먹는게 설거지도 줄이고 효율적인데
세제도 적게 쓰니까 환경에도 좋구요
추천
0
공유",0,냄비의 열기가 라면을 푹익게 계속 만드는거 모르셨나보네..,0,MLB_전체_KW1.csv,no,title,
KOREA,2024-06-10,witcher,MLBPark,설거지,일상 설거지 하면서 생긴일........gif,"Video 태그를 지원하지 않는 브라우저입니다.
추천
0
공유",0,우측하단 오븐 터진거 같네요. 오븐안에 알루미늄 그릇 넣어서 돌린듯요,0,MLB_전체_KW1.csv,no,comment,
KOREA,2019-02-24,샨테,DCinside,설거지,애미패버렸다 씨발련,✋샨테✊☻ 보통 아줌마들은 설거지할때 달그락달그락소리나는데 이씨발련은 성질좆같아서 설거지할때 그릇깨지는소리나고 그음식물거름망도 쾅!!!!쾅!!!쾅!!!하고 싱크대에내리쳐서 터는데 진짜개좆같이시끄러운거야 진짜개씨발같아서 나와서 조용히좀해달랬더니 하는말이먼지아냐? 일도안하는놈이 어디서 그런소리야!!!설거지 니가할래? 집에서 아무것도안하는놈이 설거지가얼마나힘든데!! 이러길래 존나빡쳐서 집에서 아무것도안하면 피해줘도되냐? 이씨발련이 지가힘든거하면 남한테피해줄권리가생기는줄아네 하고 달려가서 방댕이에 불꽃킥날렸더니 쓰러져서 골룸처럼흐물대더라ㅋㅋ존나웃겨서유튜브에도올림 내 갤로그 절대 오지마,7,효자,0,DC_new7_kw1.csv,no,text,
KOREA,2025-12-23,점포맘보,MLBPark,설거지,"펌글 [단독] 정부, 전국 장례식장 ‘다회용기 사용 의무화’ 추진","‌
https://n.news.naver.com/article/366/0001131978?sid=101
정부가 전국 장례식장에서 다회용기 사용을 의무화 하는 방안을 추진하고 있는 것으로 23일 전해졌다. 현재 서울의 5개 대형병원 장례식장에서 일회용기 사용을 막고 다회용기만 쓰게 하는 시범 사업이 효과가 있다고 판단한 데 따른 것이다.
기후에너지환경부는 전국 장례식장 다회용기 사용 의무화 방안을 ‘탈(脫)플라스틱 종합대책’에 담았다고 한다.
다회용기 위에다가 비닐 깔아놓고 대접하고 비닐 버리면 그게 그거 아님?
그게아님 저 많은 그릇을 설거지 할려면 사람 고용해야하는데 장례비도 오르겠지
추천
2
공유",2,좌빨들 장례식장 구내식당 사업에 진출하려고 각 잡고 있는거죠 ㅋㅋ 돈 꽤 됩니다 ㅋㅋㅋ,0,MLB_전체_KW1.csv,no,text,
KOREA,2019-06-17,ㅇㅇ,DCinside,설거지,설거지할때 돼지기름개빡치네,찬물에 절때안씻겨져서 1차로빡치고 헹굴때 잘못하면 기름전염돼서 다른것들도 미끌돼서 3차로빡친다 내가이래서돼지고기싫어함,0,주방세제 잘쓰면 쉽다. 그리고 쇠에 나는 비린내는 과탄산나트륨을 녹인물로ㅠ제거 가능하고  - dc App,0,DC_new8_kw1.csv,no,comment,
KOREA,2024-10-28,엽경염,MLBPark,설거지,고민상담 부모님이 한심해보입니다.,"안녕하세요, 30대 불페너입니다.
반복되는 부모님의 갈등을 보면서 한심하다는 생각이 듭니다. 누워서 침뱉기인 줄 알지만 답답해서 글 남겨봅니다.
1. 아버지는 자영업, 어머니는 가정주부였습니다. 그러나 아버지의 일거리가 현저히 줄면서 약 20년 전부터는 아버지가 살림, 어머니가 자영업을 하고 있습니다.
2. 최근 몇 년간 부모님의 갈등이 잦습니다. 보통은 어머니가 퇴근하거나, 출근하지 않는 날 제가 보기엔 사소한 것으로 다툽니다. (예를 들면, 집안 청소 상태가 마음에 안든다던지, 설거지 후 싱크대에 물기가 남아있다던지, 집안 물건 비치 위치가 어머니 마음에 안든다던지)
3. 아버지는 2.같은 상황들을 답답해하고, 특히 본인이 살림을 주로  하기 때문에 물건 위치 바꾸는건 하지 말라고도 하나, 바뀌는 건 없습니다. (어머니가 주로 후라이팬, 냄비 등 가재도구의 위치를 임의로 바꿔놓고 가고, 왜 그러느냐고 물어보면 그게 맞는 자리랍니다.)
4. 어제는 아버지가 과자를 드시고 식탁에 빈 봉투를 두었다는 이유로 어머니가 화를 내며 갈등이 시작됐습니다.
5. 어머니는 아버지에게 노후 준비를 하려면 10년 이상 일해야 하는데, 언제까지 일 안하고 빨대 꽂고 살거냐며, 나가서 대리운전이나 버스기사라도 하던지 아니면 죽으라고 말했습니다. 동생이 6년 넘게 취준 중인 것도 아버지 탓이고, 아버지가 일할때도 쥐꼬리만한 월급으로 생활하느라 힘들었다면서요.
6. 전에도 아버지는 현재 새로운 일을 해야 하지 않겠냐고 하면, 능력이 없다, 나이가 차서 할 수 있는 일이 없다고만 하니 의지가 없어보여 답답하기도 합니다.
7. 저도 노후 준비가 필요하다는 말엔 공감했고, 두분이 상의할 일이라고 생각했지만 말이 지나쳐 제가 제지를 하면서 어머니에게 언성을 높이고 상황은 끝났습니다.
7.  저도 언성 높인것은 백번 잘못한 일이라 생각은 듭니다. 아버지의 태도도 답답하고, 가족 구성원을 존중하지 않는 어머니의 언행이 반복되는 게 보기 싫고 스트레스가 됩니다.
결론: 같은 문제는 계속 반복될 가능성이 커보여 답답하고 어머니는 솔직히 집안 분위기 망치는 모습도 싫고 얼굴 보기도 싫습니다. 하지만 위 상황을 제가 해결할 방법은 없는 것 같아 답답하네요.. 그냥 신경 끄는 수밖에 없는걸까요?
추천
1
공유",1,그냥  집에서 일어나는 일상적인 일인듯 싶네요. 갈등도 아니고 그냥 일상적인 일임...,0,MLB_전체_KW1.csv,no,text,
KOREA,2022-08-27,Unknown,FMkorea,설거지,하룻밤만에 4천 넘게 잃고 일당 9만원 설거지 알바 꾸역꾸역 나가는 내 인생이 레젼드,"난 원래 토요일을 제일 싫어함. 야간근로 끝나고 쉬지않고 주말 알바 가야하는 날이거든.\n하지만 그중에서도 참 오늘은 참..\n하룻밤에 4,5천 잃고 9만원 벌겠다고 꾸역꾸역 발걸음을 옮기는게..\n우습다 우스워 ㅎㅎㅎㅎㅎㅎㅎㅎㅎㅎㅎㅎㅎ",88,킹비디아\n2억5천몇백이 총 시드였는데 2억5천 박았어요. 풀베팅 했다 폭망했네요,0,FM주식_kw1.csv,no,title,
KOREA,2025-06-04,pirrr,MLBPark,설거지,뻘글 라면 끓여주는 기계 써 보신분?,"‌
어제 구입해서
어제랑 오늘 두번 해 먹었는데
아주 만족
사실 배달 시켜 먹는 이유중에 귀찮아서가 가장 큰데
라면만 넣고 버튼 누르면 완성된 라면이 나오고 (물 끓인 다음에 다시 붓고 기다려야 되는 컵라면 보다도 훨씬 간편)
맛도 더 좋고 (한강 라면맛)
설거지도 안해도 되고
지금까지는 대만족
근데 뭐든 사자 마자는 굉장히 좋았으나 시간이 지나면 별로 사용 안하게 된 경험이 있어서 (ex 커피머신)
앞으로 어떻게 될지는 모르겠네요
혹시 장기간 사용해 보신분?
추천
0
공유",0,아 기계가 설거지를 해주는건 아니군요,0,MLB_전체_KW1.csv,no,text,
KOREA,2023-05-12,볼빨간삼춘기,MLBPark,설거지,문화 옛날에 일했던 ㅈㅅ도 아닌 직장 복지 수준,"점심메뉴는 반찬집에서 도시락 반찬만 시켜서 먹음
밥은 밥값 아깝다고 회사에서 밥 지어서 먹음. 밥먹고 설거지도 해야 함.
그거 먹으면서 사장이 일 이야기하고 매출이 어쩌고 저쩌고...안그래도 맛없는 밥 모래 씹는 느낌, 가끔 매출 안나온다고 밥 먹다가 성질냄.
밥 먹고 나면 점심시간 끝. 점심 시간 없이 그냥 계속 일하는 분위기.
명절에 상여금 없음. 보너스 그런 것도 없음
추천
0
공유",0,많이 배우고 갑니다 ㅎㅎㅎㅎㅎㅎ,0,MLB_전체_KW1.csv,no,text,
KOREA,2018-11-14,Unknown,FMkorea,설거지,[본격 소설] 한국생태계 교란종 안뇽? 6페미니스트9 (feat 진보정당) 1편,"※주의: 이글은 본격 소설 필자의 뇌피셜임
자 그럼 한국생태계 교란종
6
페미니스트
9
란 생물에 대해 알아보자
생태계 교란종이란
?
요약
:
생태계에 교란을 일으키거나
,
교란을 일으킬 우려가 있는 야생동물을 말한다
.
번식력이 강한 외래종은 자연생태계에 유입되면서 토종서식지를 잠식하여 생태계의 균형을 깨고 종의 다양성을 떨어뜨리는 등 심각한 문제를 일으킬 수 있다
.
이에 생태계에 악영향을 미칠 우려가 있는 종에 대하여 정부차원에서 생태계 교란 야생생물을 법으로 규정
·
규제하고
,
관리기구를 설치하거나 외래종 생태계영향평가제도를 실시하여 수입여부를 결정하고 있다
.
[
네이버 지식백과
]
생태계 교란 야생생물
[
生態系攪亂野生生物
] (
두산백과
)
링크
::
https://terms.naver.com/entry.nhn?docId=1382607&cid=40942&categoryId=32310
한국 생태계 교란종 중 하나인 페미니스트는 다른 종과는 다른 특이성을 가지는데 바로 정부차원에서 규정
·
규제 하는 것
(
예
:
일베
)
이 아닌 적극 권장하며 토종생물체를 박멸하고 끔직한 혼종인 페미니스트를 새로운 토종 생물로 만들려는 시도를 하고 있다
.
왜 현정권은 한국 생태계를 파괴 하는 페미니스트란 종을 사육
·
방생하는 것일까
?
이것에 대해 다같이 알아보자
~!
홍카콜라에 대해 아는가
?
홍준표 자유한국당 초대 대표가 하는 발언들이 마치 탄산음료인 코카콜라를 마셨을 때처럼 시원하고 속이 뻥 뚫다는 비유를 코카콜라와
홍준표의 이름을 더한 합성어이다
.
그렇다면 페미니스트를 이야기하는데 홍카콜라를 왜 나오느냐
?
그냥 어그로도 끌면서 콜라로 현 정권에 대한 서론을 적어보려 한다
.
코카콜라
=
보수정권
8.15
콜라
,
펩시 콜라
=
진보정권
콜라를 왜 보수
,
진보로 나뉘었느냐
?
하고 물어본다면 대답해 주는게 인지상정
!!!
사실 나같은 콜라덕후를 제외 하고는 눈 가리고 코카콜라와 펩시를 구분해라 하면 잘 못한다
.
이는 실험을 통해서 잘 나타난다
. [
증거
?
사진 올리기 귀찮으니까 알아서 찾아라
]
그니께
~
눈가리면 펩시가 코카콜라고 코카콜라가 펩시인 것이다
.
결론은
? “
정치하는 놈들 다 그놈이 그놈이여
~”
출처
:
막걸리를 비타민 워터처럼 마시는 박춘삼 옹의 잠언록 중 일부 발췌
잠깐
!
여기서 콜라 구분법
코카콜라는 탄산이 강하고 펩시는 달다
.
근데 탄산이 빠지면 구분하기 어렵다
.
그런데
815
콜라는 왜 구분하는 실험 없냐
?
할 수 있지만 싸웠지만 잘 졌으니 조용히 하자
815
콜라는
imf
당시 콜라에 설탕 대신 국뽕을 넣어 만든 콜라로 광고만 봐도 취하니 실눈 뜨고 잠깐 보고 오래보지 않도록 하자
펄럭
~
한때 단종 되었으나
10
년 만에 부활했다
.
많이 사먹어라
사족으로는 옐로콜라 존맛인데 왜 사라졌냐
ㅠㅠ
아무튼 과거 진보정당은 자신들을 마케팅 할 때
815
콜라와 같은 모션을 취한다
.
815
콜라의 메시지
-> 815
만세
!
콜라독립만세
!
외산에 대응하여 국산 콜라를 마시자
!
진보정당의 메시지
->
친일 매국 독재 정권 청산 심판하자
!
이게 무슨 말이냐 맞는 말 이기는 한데 현실적으로 와 닿지 않는다는 말이란 뜻이다
.
물론 일제 시대 때
815
콜라가 만들어 졌다면 물산장려운동으로 인해 잘되었을 것이다
.
우리는 콜라를 달고 시원한 청량감에 마시려고 하지 애국심으로 마시려 하지 않는다
.
또한 이미 콜라라는 상품을 생각할 때 무의식적으로 코카콜라를 떠올리듯 이미 고정된 관념 안에서 싸우려면 코카콜라를 뛰어넘는
사람들을 끌어들일 만한 요소가 존재 하지 않는 한 힘들다는 것이다
.
이를 정치로 바꿔 말하면 나에게 익숙하고 이득이 되는 정당에 투표하려 하지 올바른 가치관
가령 정의와 같은 것에 투표하려 하지 않는다
.
그렇다고 그들이 내세우는 메시지처럼 마냥 옳은 것도 아닌 것이 문제이긴 하다
.
엥
?
그러면 가난한 사람은 자신에게 하등 이득이 되지 않는 보수정당에 투표 하냐고 반문할 수 있는데 간단하게 설명하면 아이폰을 쓰면
내가 스티브잡스가 된 것 마냥 행동하듯 정신승리를 할 수 있기 때문이다
.
사실 이런 나도 앱등이다
.
근데 이럴 수가
! 2017
년
3
월
10
일 오전
11
시 비주류 콜라가 주류 콜라를 넘어서는 사건이 발생한다
.
바로 박근혜 대통령의 탄핵이다
.
비주류 콜라인 그들이 주류 콜라가 되는 과정은 그들의 메시지가 소비자들에게 잘 전달 된 것도 아니고 상품의 품질을 더 뛰어나게 만든 것도
아닌 경쟁 상품이 비위생적인 환경으로 제품을 생산한다는 것이 알려지게 되면서 반대급부로 떡상하게 된 것이다
.
국민들은 진보정당에 어떤 이득을 바라거나 그들의 이념에 공감하여서 뽑은 것이 아니다
.
그들이 집권여당이 된 이유는 막말로 설거지 잘 하라고 뽑은 것이다
.
이는 그들이 내세운 메시지
“
적폐 청산 정의로운 사회
”
가
대한민국 정치역사상 처음으로 먹히게 되었다고 보는 것이다
.
그러나 웃기게도 정치란 정의라는 단어로 정의되는 것이 아니다
.
정치는 선과 악의 대립이 아닌 이익과 이익의 싸움이고 굳이 선악으로 표현 하자면 최악과 차악의 개싸움인 것이다
.
정치가 선악으로
표현되는 것은 매우 위험한 발상인데 이는 내가한 투표는 옳은 것 나와 반대되는 것은 나쁜 것으로 생각하기 쉽다
.
이러한 발상의 흐름은 강자와 약자를 구분 하면서 약자는 무조건적인 선이다
,
약자를 보호해야 한다
,
해택을 주어야 한다
,
더 많은 권리를 주어야 한다 같은 말이 나오게 된다
.
어랏
?
이게 어디서 많이 들어본 말이다
?
이런 말들을 보며 페미니스트들을 떠올렸다면
그건 당신이 한남충
or
흉자이기 때문이다
.
그리고 아쉽게도 페미니스트만 떠올렸다면 리그 우승만하고 챔스 우승은 거두지 못한 것이다
.
이게 무슨 말이냐
?
나같은 갓수도
1
표 국회의원도 똑같은
1
표로 서로의
1
표를 존중하며
누구나 평등한 민주주의 정신을 깨버리는 선
/
악
,
강자
/
약자를 구분하는 공산주의 논리와 그 궤를 동일시 한다
.
물론 신체적으로 또는 어떠한 이유로 인해 강자와 약자를 또는 유
·
불리함을 구분 할 수도 있다
.
그러나 이것은 기회를 평등하게 주어야지 결과를 평등하게 주어선 안된다
.
응 그래 안물 안궁 그래서 페미니즘이랑 집권여당이랑 뭐 어쩌라고 한다면
다시 콜라이야기로 넘어오자
이제는
815
가 아닌 펩시 이야기를 하려한다
.
코카콜라의 라이벌 펩시 근데 코카콜라는 라이벌로 생각하려 하지도 않는다
.
코카콜라의 라이벌은 물이라나 뭐라나
펩시의 전략 중 눈에 띄는 것은 라이벌 전략
, 2
등 전략이었다
.
계속해서 코카콜라와 동등하게 경쟁한다는 인식을 사람들에게 메시지를 전달했다
.
그리고 결정적인 메시지로 젊은 층을 공략하는
'
다음 세대의 선택
(the choice of next generation)' new generation
을 내놓는다
.
민주당 이야기로 돌아가면 지난
18
대 대통령 선거에서
new generation
으로 메시지를 전달하지만 국민들을 설득시키지 못했다
.
젊은 층을 공략 하였으나 펩시는 팔리고 민주당은 안 팔리는 이유는 제품과 정치의 차이가 명확하다는 것이다
.
제품은
1
명이
100
개사나
100
명이
100
개사나 똑같이 팔린다
.
심지어
100
명에게 일일이 메시지를 전달하기보다는
100
개를 사는
1
명에게 몰빵하는 것이 더 효율적이다
.
그러나 정치는 다르다
1
인
1
투표이다
.
기성세대를 무시한 그들의 전략은 한 어머님의 인터뷰에서도 잘 드러나는데 그 말에 담긴 내용은 간단하다
‘
다시는 한국을 무시하지마라
.
박지성의 왼발과 오른발이
...’
아 잘못 적었다
.
‘
우리도 뭔가를 보여줘야 한다
.
우리에게도 투표권이 있다
.’
이 인터뷰가 민주당의 전략이 실패 할 수밖에 없음을 간략하게 나타내는 것은 아닐까
?
그런 의미에서 보수정당은 정치를 또는 어떻게 해야 잘 팔리는지를 소름끼치도록 잘 안다
.
지금은 매가리가 없어졌지만 내 생각에 보수정당은 국내외 내로라하는 광고
·
홍보
·
선전의 대가가 있는 것 같다
.
이병박 전 대통령이 후보자 때 그들이 내세운 메시지는 민생파탄
,
경제파탄 잃어버린
10
년
,
이게다 노무현 떄문이다 와 같은
자극적이면서도 머리에 쏙쏙 박히는 단어들을 썼고 메시지를 받아들이는 사람들은 그것이 실제 사실과 같은지 판단하려 들지 않는다
.
그냥 그런가 보다 한다
.
그 결과 보수정당은 자신들이 얻고자 하는 바를 충족시켰다
.
이들은 딱 자신들이 소화시킬 만큼만 판을 벌린다
.
반면 진보정권은 자신들이 다 소화하지도 못할 판을 벌려왔다
.
그러니 다 먹지도 못하고 매번 체했던 것이다
.
보수정권의 정치적 역량은 사스가 창궐 했을 때도 잘 알 수 있는데 사스를 그렇게 잘 방
·
검역하였는데도 보수언론매체는
한국인이 김치를 먹어서 사스에 안 걸린 것이라 보도하였다
.
사람들은
‘
아 김치를 먹어서 우리나라가 안전한 거구나
’
로 가볍게 넘어가버린다
.
물론 김치를 먹으면 서울대 및 연고대 합격
,
헬스
3
대운동
300kg
들기
,
챔피언스리그 우승 등
다양한 효능을 내니 하루 세끼 꼭꼭 챙겨먹도록 하자
!
김치의 효능에 대해 더 자제히 알고 싶다면
https://wiki.dcinside.com/wiki/%EA%B9%80%EC%B9%98#.ED.9A.A8.EB.8A.A5
여기로 들어가 보도록
~
비록 보수정당 행보가 내 가치관과는 다르지만 그들이 왜 그렇게 행동하는 것인가를 이해 할 수 있다
.
이들은 철저히 내집단의 이익을 위해 움직인다
.
그러나 진보정당이 내세우는 가치관
(
정의
·
평등
·
인권과 같은
)
에 동의는 하지만
그들의 행보는 이해가 가지 않는다
.
보통 사람은 이해가 잘 가지 않는 것에 거부감을 나타낸다
.
불쾌한 골짜기를 통해 설명하면 사람은 아닌데 사람을 닮아서 묘하게 불쾌감을 주는 것처럼
정의를 내세우는데 정의롭지 않으니 불쾌감이 드는 것이다
. (
페미들을 봐라 인권을 주장하는데 인권이 없으니 거부감이 드는 것이다
.)
진보정당의 정체성은 약자의 편에 서고 강자에 맞서는 정의와 불평등함과의 싸움이었지만
이들의 정체성은 독재정권이 있었을 때나 펩시의
2
등 전략처럼 잘 팔리는 상품이었지
시대가 변하면서 오늘날에는 잘 팔리지 않는 상품으로 전락한 것이다
.
그렇다면
2
등이
1
등이 되었을 때에는 어떻게 메시지를 전달해야 할까
?
그들은 괴물과 싸우면서 괴물과 같이 성장하였다
.
아니 괴물 덕분에 성장했다
.
대한민국 역사에 이토록 압도적으로 진보정당이 지지를 받은 적이 있는가
?
없었다
.
그들은 다시는 오지 않을 이 기회를 꽉 움켜지려 한다
.
바로 전
1
등 집단이 하던 전략을 그들이 사용하는 것이다
.
어떤 것을 벤치마킹 하였는가
?
바로 공포와 분노를 통한 소비이다
.
어떻게 공포를 심고 분노를 일으키고 소비하게 만들었을까
?
과거 보수정당은 지역감정과 북풍을 철저히 이용하였다
.
북풍으로 공포를 심고 경상도와 전라도를 나누어 분노케 하였으며
덧붙여
18
대 대선 때는 세대갈등까지 더하여 자신들의 상품을 끈임 없이 소비하도록 했다
.
군부 독재자를 투쟁으로 내리고 투표권을 줬더니 그 친구를 당선시키고
imf
로 나라 날려 먹어도 투표하고
10
년동안 집권 여당이어도
1
등이 되지 못하는 현실을 보며 진보정당은 무슨 생각을 했을까
?
이렇게 열성적으로 보수정당에 투표하는 사람들을 흔히들
‘
콘크리트
’
라 지칭한다
.
진보정당은
19
대 대통령 선거에서 본 한 남성이 든 피켓문구 대깨문
(
대가리가 깨져도 문재인
)
을 보며 그들에게도 안정적인 진보정당 용 콘크리트가 필요하다는 것을 인지했으리라 본다
.
한번 콘크리트가 되어버리면 국정농단 사례와 같은 극단적인 상황이 아닌 이상 바꾸기 어렵다
.
가치관이라는 것은
‘
평소 코카콜라만 사먹는데 치킨 시켰더니 펩시가 오네
?
뭐 그냥 마시지
’
와 같이 쉽게 바뀌는 성질이 아니다
.
코카콜라만 먹는 놈은 코카콜라만 먹고 펩시 먹는 놈은 펩시만 먹는다
.
그렇다면 진보정당은 어떻게 콘크리트 공구리 치는가
?
지역감정
?
이미 보수정당이 다 빨아먹어서 단물이 빠졌다
.
북풍
?
자신들의 모토가 평등
·
인권이다
.
그들이 보수정당에 대항하는 베스트셀러를 버린다면 정체성을 버리는 것과 같다
.
세대갈등
?
재미 좀 보려고 보수정당에 맞불 놨다가 개피봤다
.
이렇게 고심 고심하면서 여기저기 낚시 바늘을 던지다가 페미니즘이라는 월척이 걸려버렸다
.
효율적으로 공포감을 조성하고 분노케 하였으며 자신들을 끈임 없이 소비할 상품을 찾은 것이다
.
명분도 확실하다
.
여성인권신장
,
페미니즘은 세계적인 추세
!
그들의 베스트셀러 정의
·
평등
·
인권과도 합일 한다
.
정치에 있어서 명분과 내집단의 이익은 절대적이다
.
명분과 이익이라는 두 마리 토끼를 잡을 수 있는데 당신 같으면 어떻게 하겠는가
?
나 같아도 못 먹어도 고 한다
.
그들이 재미 좀 보려고 한 뉴 제너레이션 전략은 물과 시멘트가루를 섞어 콘크리트를 만들 듯
페미니즘에 그들의 이익을 섞어 뉴 콘크리트 작업 중이다
.
과거 보수정당이 그러 했듯 판을 크게 벌리는게 아니라 자신들이 먹을 만큼만 판을 벌리는 것이다
.
피자
8
조각을 가장 많이 먹는 방법은
8
조각을 내가 오롯이 먹는 것이지만
나누어 먹을 사람이 있다면 내가
3
조각 먹고 다른 사람에게
1~2
개씩 또는 한입씩 나눠 먹이면
8
조각을 다 먹지 않고
3
조각만 먹어도
내가 제일 많이 먹게 되는 상황과도 같다
.
피자는
8
조각을 다 먹어야 배가 부르지만 정치는 내가 많이 먹는 것이 중요한게 아니라 상대방이 나보다 못 먹게 하는 것이 포인트다
.
그러나 그들이 간과한 것이 있다
.
보수정당과는 정치적 역량 차이 아니 진보정당의 태생적 한계이다
.
기성세대가 진보정당 보다 보수정당을 지지 했던 이유와 일맥상통 한데
보수정권에 대한 평가는
‘
부패해도 능력만 좋으면 됐지
’(
사실 자기들 밥그릇 챙기는 것은 귀신같이 잘한다
.)
이고
진보정당은
‘
앞에서 깨끗한 척하면서 뒤에서 해먹는다
’, ‘
지들만 똑똑 한 줄 안다
’
라는 인식이다
.
이는 보수정권과 진보정권이 국민들을 대하는 태도에서도 알 수 있다
.
흔히들 보수정권이 국민을 개돼지로 본다고 생각한다고 여기기 쉬우나 오히려 국민을 무서워한다
.
그들이 도를 넘어서 더 해 처먹으려 할 때마다 국민들은 그들을 거리에서 심판 하였다
.
역사는 매번 반복되나 인간의 욕심은 끝이 없고 같은 실수를 반복한다
.
보수정권은 절대 다수의 국민이 자신들의 이익을 위해 뭉치는 것을 무서워한다
.
그러니 끈임 없이 못 뭉치게 하고 내집단의 이익을 도모하면서 그 이익이 다수의 국민들에게도 돌아간다고 주입시킨다
.
반면 진보정당의 태생은 반 보수정당이다
.
그들이 하려고 하는 것에 모든 걸 반대하고 싸우며 오늘날 까지 이어 온 것이다
.
물론 앞장서서 인류 보편적 가치
,
민주주의를 심각히 훼손하는 독재 정권과 싸워온 그들에게 존경과 찬사를 보낸다
.
그러나 그렇다고 해서 그들의 결정적 과를 지나쳐선 안된다
.
진보정당이야 말로 국민을 개돼지로 여긴다
.
무지몽매한 국민을 개화
,
교화
,
이끌어야 하는 대상으로 여기는 것이다
.
이런 태도를 지닐 수밖에 없었던 이유는 앞서 말한 독재와 싸워 자유를 줬더니
또 다시 독재의 망령을 뽑고 나라를 망하게 해도 뽑는 행위를 보며 미치는 것이다
.
그러니 그들에게 국민이란 자신들과 같은 선지자들이 이끌어야 하는 대상으로 여기는 것이다
.
현재 그들이 왜 이렇게 행동하는가에 대해 잘 알겠는데 그렇게 행동해서는 안된다
.
그러니 진보정당의 경우 억울하다 라고 밖에 여길 수 없다
.
이런 국민들의 인식 속에 보수정권은
10
개중
9
개를 잘못해도
1
개만 잘하면
‘
잘한 것은 잘했다고 하자
’
라며 좋은 평가를 받지만
진보 정권은
10
개중
9
개를 잘해도
1
개를 못하면 나쁜 평가를 받는다는 것이다
. (물론 9개를 잘한 경우는 없다.)
진보정당이 내세우는 정의에는 악의가 없다
.
막말로 나쁜 놈은 피하거나 배척해버리면 그만인데 악의가 없는 사람은 그럴 수가 없다
.
사람들이 왜 자신을 욕하는지 인지하지 못한다
.
자신은 착한 사람이다
.
나를 욕하는 니가 나쁜 거다
.
학교에서나 사회에서나 생활하다보면 이런 악의 없는 사람들이 가장 무서운 법이다
.
이런 사람이 옆에 있으면 미치고 팔짝 뛴다
.
잘못은 상대방이 하는데 피해자인 내가 사과해야하는 묘한 상황이 발생한다
.
(
예
:
캣맘
-
캣대디
[<-
이정도로 단어를 사용하는 나는 양성평등주의자 아니냐
?],
난민에 대한 모 잘생긴 연예인의 말
)
이 악의가 없음은 뒤에 페미니즘에 대한 것을 적을 때 자세히 이야기 해보자
.
자
.
먼 길을 돌아 그들이 지금 만들려고 하는 새로운 콘크리트에 대해 이야기 해보려 한다
.
보수정권과 비교 했을 때 단단하지도 않고 심지어 얕다
.
남녀 갈등이
50
대
50
아니 여성이 남성보다 오래 살기 때문에
45
대
55
라고 많이 쳐주더라도 이
55
가
100%
진보정당을 지지 하지 않는다
.
그들이 내놓는 메시지는 주로
10
대
~30
대 여성을 타겟으로 하고 있다
..
자신들이 먹을 만큼만 판을 짜놓았으나 아마추어가 프로를 따라 해봐야 어설프다
.
그들의 내세우는 전략은 오래가지도 못할 뿐더러 반쪽짜리도 안되는 쌈마이 감성팔이일 수밖에 없다
.
보수정당이 콘크리트를 만드는 과정은 철저히 자신들에게 유리하게 시작하였고 길게 봤다
.
실제로도 꽤 오래 유지되었다
.
처음부터 콘크리트의 양이 많이 생성되는 쪽을 선택하고 적은 쪽 과감하게 버렸다
.
내가 먹을 수 있는 건 확실하게 먹고 못 먹는 건 버리거나 상대방도 못 먹게 하고 상대방이 먹더라도 지저분하게 먹게끔 전략을 취한다
.
그러나 현재 진보정권이 만들고 있는 콘크리트는 많은 양을 차지하지 않을뿐더러
우유부단하게도 못 먹는 것을 여기저기 흘리며 상대방에게 먹을 것을 나누어 주는 형태가 되고 있다
.
설사 그들의 의도가 여성인권신장이라는 순수한 선의로 시작되었다 하더라도 그 과정과 결과에 있어서 심각한 정치적 오판을 한 것이다
.
세줄 요약
1.
그딴 거 없음
2.
이 글은 소설이라 감상평만 있지 의견교환
ㄴㄴ
해
->
사실 감당이 안됨 고멘!
3.
세줄 요약은 읽은 사람이 알아서 해주셈
ㅋ
이상 에필로그로 (feat진보정당)에 대한 소설을 써보았다
.
반응 좋으면 페미니스트들에 대한 소설도 써볼게",3,ㅋㅋ 사실 논문으로 써볼까 하고 시작했는데 사람들이 어떻게 생각하나 알고 싶었어얌,0,FM정치_kw1.csv,no,text,파생으로 이동?
KOREA,2020-06-19,Unknown,FMkorea,설거지,식기세척기는 삼성거 사야겟다,Video 태그를 지원하지 않는 브라우저입니다.\n설거지 싹싹하자나,6,삼중우는 전설이다,1,FM주식_kw1.csv,no,title,
KOREA,2025-07-04,Unknown,FMkorea,설거지,지금 방산주주들은 파티 다 끝나고 설거지당했네,십새끼들 고무장갑이라도 주던가,6,고아원가기전에 짜장면 한그릇 줄랑말랑하는듯?,1,FM주식_kw1.csv,no,text,파생? + text로 수정
KOREA,2023-08-16,Unknown,FMkorea,설거지,설거지로봇 개발안되나 아,이과놈들아 뭐하냐,14,식기세척기는요;,0,FM자유_kw1.csv,no,comment,
KOREA,2025-02-09,Unknown,FMkorea,설거지,국장 대체거래소(넥스트레이드) 나오면 국장사망선고임,8시까지 거래 되는게 뭘 의미하는줄 암?\n현재 옵션만기일 마감 동시호가때\n대형주 위주로 지수 장난치고\n6시 시간외단일가 까지 설거지 하는정도 였으면\n이제 8시 대형주위주로만 대체거래소 열려있으니\n호가에 물량 박고 설거지도 모잘라서\n그릇까지 싹 발라먹는 용도임,16,모자란놈저격함\n먼 시발 갑자기 급발진이고?ㅋ,0,FM주식_kw1.csv,no,text,파생?
KOREA,2021-09-26,김무명,DCinside,설거지,비싼 그릇은 설거지 하기도 편하냐,다이소에서 산 그릇 밥풀 왜캐 안떨러져,0,아,0,DC_new10_kw1.csv,no,title,
KOREA,2024-03-22,Unknown,FMkorea,설거지,설거지<은근재밌음,그릇 닦고나서 뽀드득 뽀드득 소리나면 그게 극락이지,3,음,1,FM자유_kw1.csv,no,text,
KOREA,2023-04-07,Unknown,FMkorea,설거지,지금 롱버스 안타는 이유,남들 먹고 나간 코스닥 그릇 설거지 할까봐 무서움,6,후식 나오기 전에 튀면 ㅎㅎ,0,FM주식_kw1.csv,no,text,파생?
KOREA,2018-08-24,ㅇㅋ (175.223),DCinside,설거지,요즘 무조건 거르는.... 배달음식집...jpg,"좆회용 용기' 이거 쓰는 새끼들 집은 무조건 거름 좆회용 용기 쓰는 이유가 그냥 지들 설거지, 그릇 수거 귀찮으니까 직무유기하고 손님한테 모든 책임 떠넘기는거 그 이상 그 이하도 아님. 게다가 거의 대부분의 음식점은 배달비에 최소배달 조건까지 내걸고 판매하고 있어서 대부분 15000은 넘어감. 근데 좆회용 용기? 씹창렬이나 다름없음 걍 장사할 마음이 없다는거 ㅇㅇ 차라리 그릇 씻어서 주는게 낫지 일회용 그릇 쓰면 건강에도 수십배 안좋음 플라스틱 써서 환경에도 안좋고 이거 쓰는 집은 절대 시키지마라 돈낭비 ㅇㅇ",330,나 금수저인데 일회용기가 더 깨끗하다. 짱게들 설거지 제대로 하겠냐? 지들이 먹을 것도 아닌데,0,DC_new7_kw1.csv,no,text,
KOREA,2020-07-25,ㅇㅇ (121.181),DCinside,설거지,아 설거지 하기 싫다,식기세척기 100만원부터라 비쌈. 크기도 오븐 만해서 부엌에 놓을 데도 없음. 가난이 싫다...,0,,0,DC_new9_kw1.csv,no,text,
KOREA,2025-06-29,ZU페이,MLBPark,설거지,문화 라면가게 위생논란...jpg,"‌
불닭볶음면 끓이는 장면인데 별다른 설거지 안하고 다시 물 넣고 끓임..  곧 마지막 저 냄비로 또 끓일거임
1. 남이 먹던 그릇도 아닌데 뭐 어떠냐
2. 설거지도 안하고 드럽다 저기 안간다
추천
2
공유",2,[댓글수정]씨양념 아주 맛이 진하죠 여기는 흥미로운 한국한국한국 불닭볶음면 미치겠죠 기맥히죠 퐌타스틱하죠,0,MLB_전체_KW1.csv,no,text,
KOREA,2022-08-27,Unknown,FMkorea,설거지,"ㅋㅋㅋㅋ 푸념은 이제 그만! 열심히 설거지하고, 내일부턴 또 열심히 새 투기전략 짜겠습니다!","https://m.fmkorea.com/4962657924\nㅋㅋㅋㅋ 걍 알바 출근하기 힘들어서 올린 글에 또 가득가득 위로를 주시니 정말 몸둘바를 모르겠네요.\n감사합니다. 감사합니다. 모두모두 복받으시고 성투하십쇼~ 모두모두 부자되세요 착한 주갤형님들~~!!\n덕분에 마음 좀 가라앉았습니다. 설거지 알바 하고 있어요.ㅎㅎㅎ 바쁘지 않아서 또 좋습니다.\n방금 어떤분과 나눴던 대화처럼ㅋㅋㅋ\n어차피 파생투기에 쩔은 몸!  후퇴는 없어요ㅋㅋㅋㅋ\n크게 벌기도 하면 뭐 크게 꼴기도 해야 공평한거죠.\n다음엔 따면 됩니다!\nㅋㅋㅋㅋㅋㅋㅋㅋㅋ 저짤을 이렇게 대박 꼴은 날 쓰게 될줄이야~~!! ㅋㅋㅋㅋㅋㅋㅋㅋㅋ\n여튼 주갤 졸업도, 파생쟁이 졸업도 안할겁니다.\n예측글은... 음... 이번에도 틀렸으니 4연벙 확정이지만... 그래도... 음... 그래도 이번엔 거의거의 이길뻔 하지 않았나요? ㅋㅋㅋㅋㅋㅋㅋ\n여튼 힘 내겠습니다!!  여러분들도 힘 내자구요!!  화이팅!!",15,단장의미아리고개\n👍👍,1,FM주식_kw1.csv,no,text,파생?
KOREA,2025-11-17,Unknown,FMkorea,설거지,근데 식기세척기있으면 아예 설거지는 안해도되는건가,진짜 그러면 하나 사야되는건데?,5,"오늘도빨갛다
아하",1,FM자유_kw1.csv,no,title,
KOREA,2024-10-10,오랑우탄탄,MLBPark,설거지,음식 라면 끓이고 냄비인 채로 먹는다 or 대접에 덜어먹는다,"‌그동안 설거지 늘리기 싫어서
냄비인 채로 먹었는데
대접에 덜어면으면
뭔가 좀 더 맛있어지긴 하더라구요.
이유는 모르겠음
기분 탓일지도..
추천
0
공유",0,왜 냄비채먹나요 먹기 개불편한데 뜨겁고,0,MLB_전체_KW1.csv,no,title,
KOREA,2021-10-22,Unknown,FMkorea,설거지,설거지할때 팁,"세제를 물에 풀어서 닦으삼
수세미같은데에 직접 뿌리지말고
이거 진짜 꿀팁",4,맞아,1,FM자유_kw1.csv,no,text,
KOREA,2018-06-24,TVN,DCinside,설거지,슬슬 밥먹고 설거지하고 동물농장 중계각 잡아야지,ㄹㅇ루,0,,0,DC_new7_kw1.csv,no,title,
KOREA,2025-11-17,Unknown,FMkorea,설거지,근데 식기세척기있으면 아예 설거지는 안해도되는건가,진짜 그러면 하나 사야되는건데?,5,"#한나리
초벌로 좀 닦아둬야 깔끔하게 설거지됨
안 그러면 빨간기름 같은거 남아있을때 있음",1,FM자유_kw1.csv,no,title,
KOREA,2020-06-18,Unknown,FMkorea,설거지,설거지가 머임?,"@,@?",0,파티가 끝났으면 먹은그릇 이제 치워야겠져?,1,FM주식_kw1.csv,no,text,파생?
KOREA,2019-04-29,ㅇㅇ (223.38),DCinside,설거지,요즘 짜장면집 반납그릇안주던데...GIF,그 햇반용기처럼 친환경그릇으로 주더라 ㅇㅇ 설거지 안해도 된다,1,ㆍ,0,DC_new7_kw1.csv,no,title,
KOREA,2021-03-04,ㅇㅇ (59.14),DCinside,설거지,아니시발 컵으로 물쳐먹고 그걸 다시 넣는건 뭐냐,이시발 설거지해논 컵을 쳐쓰셨으면 계속 쓰시던지 물한잔 마시고 다시 쳐넣어노으면 침묻은걸 시발 누가쓰라고 병신같은새끼 죽이고싶네,0,,0,DC_new10_kw1.csv,no,title,
KOREA,2018-10-24,로또1등힘숨찐,DCinside,설거지,중국집 그릇 설거지하고 내놓는새끼,착한아이증후군 같은거?? - dc official LOTTO,0,ㅇㅇ  - dc App,0,DC_new7_kw1.csv,no,title,
KOREA,2018-01-27,ㅇㅇ (49.142),DCinside,설거지,라면에 추가로 넣는 재료 씹극혐 탑3,1 콩나물 : ㄹㅇ 국물맛 개좆비린내 나게 만드는 씹극혐 1선발재료 2. 떡 : 국물 개걸쭉하게 만들어서 ㄹㅇ좆같고 냄비에 존나 들러붙어서 설거지 개짜증나서 냄비 걍 버림 3. 계란 : ㄹㅇ 라면에 계란 넣어처먹는 씹새리들은 사이코패스들임. 비주얼적으로 라면이 좆극혐됨. 그 중에서 계란을 풀어서 처먹는 새끼는 상종을 말아야됨,1,떡 뭔떡쓰길래그러냐 따로놀던데,0,DC_new6_kw1.csv,no,text,
KOREA,2018-08-24,ㅇㅋ (175.223),DCinside,설거지,요즘 무조건 거르는.... 배달음식집...jpg,"좆회용 용기' 이거 쓰는 새끼들 집은 무조건 거름 좆회용 용기 쓰는 이유가 그냥 지들 설거지, 그릇 수거 귀찮으니까 직무유기하고 손님한테 모든 책임 떠넘기는거 그 이상 그 이하도 아님. 게다가 거의 대부분의 음식점은 배달비에 최소배달 조건까지 내걸고 판매하고 있어서 대부분 15000은 넘어감. 근데 좆회용 용기? 씹창렬이나 다름없음 걍 장사할 마음이 없다는거 ㅇㅇ 차라리 그릇 씻어서 주는게 낫지 일회용 그릇 쓰면 건강에도 수십배 안좋음 플라스틱 써서 환경에도 안좋고 이거 쓰는 집은 절대 시키지마라 돈낭비 ㅇㅇ",330,짱깨그릇은 침뱉고 담배떨고 똥까지싼 그릇이다.,0,DC_new7_kw1.csv,no,text,
KOREA,2021-10-24,Unknown,FMkorea,설거지,근데 진짜 여러분 식세기 사세요,돈아까워서 사는거 반대했었는데\n진짜 신세계임\n식사하고 설거지하느라 누군가의 시간을 안버려도 되서 좋고 요리할때 설거지느는거 걱정안해도 되서 좋음\n요리 자주 하시는 분들은 진짜 삶의 질 달라지는 거 느끼실거임,10,유가$100\n저도 같은건데 대만족ㅋㅋㅋ,0,FM주식_kw1.csv,no,title,
KOREA,2018-03-24,124.56,DCinside,설거지,내가 쓴 그릇만 설거지하는거 정신병이냐?,남이 쓴거 싱크대에 쳐박아놓고 따로 하는데,0,ㄴ,0,DC_new6_kw1.csv,no,title,
KOREA,2024-04-21,보드람치킨,MLBPark,설거지,음식 냉동실에서 나온 술안주로 가볍게 시작,"18시 지났으니 모 ㅋㅋ
비비고 군만두 프라이팬에서 둘둘 굴리고 이제 시작합니다.
군만두는 진짜 힘들어요. 다신 안해야지 하면서도 굴리네요.
독거노친네라 기름 설거지 귀차나서 일회용 종이 그릇으로
비비고는 군만두도 맛있네요.
에어프라이어 사야하나..
추천
0
공유",0,술은 뭘로 시작인가요,0,MLB_전체_KW1.csv,no,text,
KOREA,2021-10-28,ㅇㅇ (223.62),DCinside,설거지,의대? 줘도 안감 ㅇㅇ,의대가봤자 설거지나 하잖음 ㅇㅇ - dc official App,0,그릇도 안옴,0,DC_new10_kw1.csv,no,text,혐오?
KOREA,2024-11-06,한화이불스,MLBPark,설거지,라면대학 새벽반 흙수저 누렁이 전형,"집에 우거지해장국 포장해와서 먹다 남은게 있었습니다. 해장국 냄비에 물400미리정도 추가하고 농심 김치사발면 뜯어서 스프를 넣고 팔팔 끓여주었습니다. 설거지 하기 힘드니 걍 사발면에 부었습니다. 왈왈
추천
9
공유",9,이렇게 하는거 생각보다 맛있음,0,MLB_전체_KW1.csv,no,text,
KOREA,2019-06-24,ㅇㅇ (121.157),DCinside,설거지,아 씨발 동생새끼떄문에 스트레스 진짜 존나게받는데 우쨰해야댐?,"이 씨발련 지가 졸라서 산 강아지 산책도 안시키고 엄마가 사정사정해서 나간게 꼴랑 15분하고 돌아와선 ""꼬우면 니가 시키든가"" 이뻐하기는 하면서 강아지가 싼똥은 1시간넘게 들고있기 힘든가보지 씨발새끼 지가 처먹은 그릇 자꾸 지가 안썻다고 우기고 설거지 엄마나 나한테 미루고 빨래도 지가 제일많이 화장실 사용하면서 하나도 안도와주고 쓰레기 분리수거도 개씨발련이 단한번도 지가 나서서 하질않음 진짜 개빡치네 이 씨발새끼",0,참교육,0,DC_new8_kw1.csv,no,text,
KOREA,2024-12-01,채근담,MLBPark,설거지,음식 파스타 냄비 써보신분 있나요?,"저녁식사는 오늘 점심에 감바스하고 남은거에 파스타면 삶아서 볶아 먹었거든요
파스타면이 처음 냄비안에 잘 안들어가서 면 끝이 타고
그래서 파스타면 전용냄비 보고 있는데
이거 설거지 등등 활용성 있나요?
혹시 파스타면 냄비안에 잘들어가게 하는 비결있으시면
노하우 공유 좀 부탁드립니다.
추천
0
공유",0,서울9단 처라리 이게 나음 저 구멍사이로 면끼면 딘짜 개빡침,0,MLB_전체_KW1.csv,no,title,
KOREA,2021-10-26,교강용,MLBPark,설거지,일상 요즘 식기세척기 성능이 어떤가요? (예제 있음),"식기, 수저, 주걱에 말라붙어있는 딱딱한 밥풀.
찌개 끓이다 냄비 벽에 가득 낀 말라붙은 고춧가루, 양념 및 기름.
양념갈비로 반쯤 태우다시피한 스테인리스 프라이팬. (코팅팬X)
떡볶이떡이 바닥에 눌어붙은 철제 웍.
이런거 모조리 완벽하게 제거되는지 궁금합니다.
요리와 식사 후 반나절 방치한 뒤에 애벌설거지나 잔여물제거 없이 그대로 때려넣는 기준입니다.
1. 아무리 기술이 발달했어도 저런 건 안 된다.
2. 2시간짜리 뜨거운물 풀코스 돌려야 가능
3. 1시간짜리 평범한 코스로 가능
4. 30분 코스로도 OK
5. 기타
추천
0
공유",0,식기세척기는 평범한 설겆이를 하는 기계입니다. 위의 예시들은 정말로 한두달에 한번 정도 나올만한 것들인데요. 꼼꼼히 박박 닦을 정도는 대충 쇠수세미로 정리만한다면 사람손보다 깨끗한정도로 나옵니다. 보통은 물에 한번 휘휘 행구고 식세기에 넣으면 평범한 코스로 1시간정도면 완료됩니다.,0,MLB_전체_KW1.csv,no,title,
KOREA,2020-07-08,노르웨의 숲 (121.130),DCinside,설거지,근데 라면 끓이고 왜 냄비째로 안 먹고 그릇에 담아 먹어?,그럼 설거지 두배가 되잖아 냄비째 먹으나 그릇에 담아 먹으나 맛은 똑같지 않아?,1,해당 댓글은 삭제되었습니다.,0,DC_new9_kw1.csv,no,title,
KOREA,2025-04-09,신드바드,MLBPark,설거지,음식 대전은 학교 조리원들 태업으로 이슈네요,"‌대전 모 중학교에서 미역국을 나가야되는데
미역이 잘른미역이 아니라고
그거 잘르기 구찮다고
미역 없이 고기만 끓여서 미역이 나갔다네요ㅋㅋㅋ
모 고등학교에서는
국그릇 쓰면 설거지 하기 귀찮다고
급식을 거부ㄷㄷㄷ
추천
0
공유",0,근데 국그릇 쓰는 급식이 있어요? 한번도 못봤음,0,MLB_전체_KW1.csv,no,text,
KOREA,2023-09-05,보라둥이7,MLBPark,설거지,문화 집안일 중 가장 하기 싫은 일이 무엇인가요?,"‌
저는 설거지....... 결벽증 있는지 그릇 하나도 꽤 걸리는...
추천
0
공유",0,빨래널기 ㅋㅋ 다들비슷하군요,0,MLB_전체_KW1.csv,no,text,
KOREA,2024-12-01,채근담,MLBPark,설거지,음식 파스타 냄비 써보신분 있나요?,"저녁식사는 오늘 점심에 감바스하고 남은거에 파스타면 삶아서 볶아 먹었거든요
파스타면이 처음 냄비안에 잘 안들어가서 면 끝이 타고
그래서 파스타면 전용냄비 보고 있는데
이거 설거지 등등 활용성 있나요?
혹시 파스타면 냄비안에 잘들어가게 하는 비결있으시면
노하우 공유 좀 부탁드립니다.
추천
0
공유",0,전 그냥 큰 웍으로 합니다. 혼자 지내시면 파스타면보다 푸실리로 요리 하시는 것도 괜찬항요~,0,MLB_전체_KW1.csv,no,title,
KOREA,2022-04-09,신분당선연장,MLBPark,설거지,일상 캠핑 자주하시는분 계신가요?,"한달에 한번씩 캠핑을 해볼까합니다.
반드시 갖춰야할 아이템이 뭐가 있을까요?
그라운드시트. 텐트. 자충매트. 담요. 침낭. 랜턴.
테이블. 의자. 설거지통. 바비큐그릴은 있고
저에게 없는 물품중에
반드시 필요한 물품이 있을까요?
추천
0
공유",0,코펠.버너.전기릴선,0,MLB_전체_KW1.csv,no,text,
KOREA,2025-03-16,현수야이거좀만져봐,MLBPark,설거지,문화 직장생활하면서 깨달은 비정한 문화들,"‌1. 내것을 요만큼 양보하면 상대받도 어느정도 양보하겠지?
아님. 내것을 요만큼 양보하면 만만한 놈이라 보고 한움큼 더 뺏어감. 이후로도 계속 뺏어감
2. 성실하게 일하면 다 알아주겠지?
반만 맞음. 성실한거 다 알게 되긴 하는데, 말잘하고 잘나대는 놈이 내가 한 일 공을 다 가져감
나는 그냥 일꾼 됨
3. 찐빠난거 걱정해도 무의미
하늘이 무너져라 걱정하는거 의미없고 그시간에 열심히 욕처먹고 설거지하다보면 대충 회복됨
자기비하 무쓸모.
4. 기한내에 절대 못할거 같이 쌓인 일?
설거지 그릇 쌓인거 하나씩 닦고 치운다 생각하고 하다보면 다 됨.
3번하고도 겹치는 면이 있는데..
일단 발담그고 시작하면 조직중에 누가 돕기도 하고 아니기도 하고
암튼 빨리 발담그는게 제일 빠름
추천
56
공유",56,공감가네요ㅋ,0,MLB_전체_KW1.csv,no,text,
KOREA,2022-03-29,Unknown,FMkorea,설거지,"중대재해법에… 설거지하다 허리 다칠라, 보조 싱크대 설치","https://n.news.naver.com/mnews/article/023/0003681711?sid=100
법이 저래서 하긴해야 하는데
어느 의미로 행정력 낭비같은데",1,,0,FM정치_kw1.csv,no,title,
KOREA,2023-12-15,Unknown,FMkorea,설거지,부지런한 사람은 밥먹고 설거지를한다고하지?,"설거지하러갑니다
해야 밥할수있음",10,설거지머신,1,FM자유_kw1.csv,no,title,
KOREA,2018-07-26,ㅇㅇ (175.223),DCinside,설거지,독거 한남충 아침밥 평가좀,밥은 끼니때마다 냄비에 해서 설거지 귀찮아서 대충 먹는다 출근하기 싫노...,0,잘쳐먹노,0,DC_new7_kw1.csv,no,text,
KOREA,2022-09-12,결혼꼭한다,MLBPark,설거지,음식 요즘 정도 날씨에 국을 1주일정도 놓아놓고 먹으려니,"쉰내나던데 1인 자취생은 국같은거 많이 하면안되나여?
마트떡볶이도 사서먹다가 냄비위에 두고 여름에 그담날 먹으려니 상태가 안좋던데
2끼정도로 먹고 설거지하게끔?
아니면 냄비를 냉장고에 두어야되나요
심지어 밥도 100시간넘어가니까 시큼한 냄새나서 버렸음
추천
0
공유",0,밥 100시간 ㄷㄷㄷㄷㄷㄷㄷㄷ  요즘은 용기도 싼 거 많은데 쿠팡에서 죽용기라고 검색하면 50개 2만원 이런 상품 있으니까 사서 쓰세요 전자렌지 사용 됩니다 다회용이까 몇번 쓰다 분리수거로 버리면됩,0,MLB_전체_KW1.csv,no,text,
KOREA,2020-11-29,삐약삐약,DCinside,설거지,아니 근데 냄비에다 해먹으면 설거지 존나 귀찮지않노?,,0,,0,DC_new9_kw1.csv,no,title,
KOREA,2025-06-14,Unknown,FMkorea,설거지,나는 서클을 담을 그릇이못되는구나,ㅋㅋㅋ 어제 프장 109에 내렸는데\n계속 설거지 생각나서 심리에서 밀렸다잉,3,게삽쫄보 ㅊㅊ,1,FM주식_kw1.csv,no,text,파생
KOREA,2021-01-31,ㅇㅇ (111.65),DCinside,설거지,ㄴ 60먹은 노모가 설거지 알바 끝나고 와서 하는 말,,0,,0,DC_new9_kw1.csv,no,title,
KOREA,2023-12-15,미향좌,MLBPark,설거지,뻘글 훈련소에서 식판 빨래 비누로 설거지 하신분들 계시나요,"06군번인데 당시 훈련소에서 세제없어서 빨래비누로 설거지했는데 주방세제 보급도 못할정도로 우리나라가 못사는것도 아니고참...
추천
1
공유",1,빨래비누 + 초록수세미 반뼘 사이즈,0,MLB_전체_KW1.csv,no,text,
KOREA,2022-04-19,댓글수집,MLBPark,설거지,일상 식당 음식 재사용하는지 한번에 보는법..txt,"맛집매냐입니다 맛집 별거없습니다 좋은식재료 위생깔끔하면 맛집이죠
직원이 상 치우는거만 보면됩니다
반찬그릇에 반찬을 한군데로 안모으고 그냥 가져간다 or 일부버리고 일부만 가져간다
100% 재사용입니다
본인이 설거지담당이나 주방보조라고 생각해보세요,
반찬그릇 6-7개에 반찬 그대로 담아오면 좋아하나요 , 재사용안하는집은 자리 치울때
한곳으로 반찬 모읍니다- 이것만 보세요-
제가 요리쪽 일하지만 팩트는 진ㅉ ㅏ재사용하는곳 무지많습니다..
밖에선 왠만해선 검증안된곳 안가요
불페너들의 위생을 위하며=
추천
0
공유",0,손님 보는 데서 남은 반찬 모으는 것도 그닥 비싸 보이는 행동은 아니라서...,0,MLB_전체_KW1.csv,no,text,
KOREA,2020-07-08,노르웨의 숲 (121.130),DCinside,설거지,근데 라면 끓이고 왜 냄비째로 안 먹고 그릇에 담아 먹어?,그럼 설거지 두배가 되잖아 냄비째 먹으나 그릇에 담아 먹으나 맛은 똑같지 않아?,1,내가설거지하면 냄비에먹음,0,DC_new9_kw1.csv,no,text,
KOREA,2022-08-27,Unknown,FMkorea,설거지,하룻밤만에 4천 넘게 잃고 일당 9만원 설거지 알바 꾸역꾸역 나가는 내 인생이 레젼드,"난 원래 토요일을 제일 싫어함. 야간근로 끝나고 쉬지않고 주말 알바 가야하는 날이거든.\n하지만 그중에서도 참 오늘은 참..\n하룻밤에 4,5천 잃고 9만원 벌겠다고 꾸역꾸역 발걸음을 옮기는게..\n우습다 우스워 ㅎㅎㅎㅎㅎㅎㅎㅎㅎㅎㅎㅎㅎ",88,기막힌타이밍\n그럴수만 있다면 지금 빨개벗고 딸을 치겠습니다!,1,FM주식_kw1.csv,no,title,
KOREA,2021-10-27,ㅇㅇ (220.88),DCinside,설거지,설거지 그릇 깨부순 대현자..jpg,ㄹㅇ... 괜히 호카게 된게 아님... 그저... 대 황 토,108,나루토 입장에서도 보면 사쿠라 보다 히나타가 좋은게 자길 좋아 해주는것도 있지만 중요한건 히나타 집안이 엄청 좋다는 거임 거기다 나루토 세계관 3대 눈깔중 하나인 백안이 히나타 집안인데 거기다 히나타는 당주 큰딸이여서 주인도 없음 사촌인 네지가 마빡이 주인 박혀있는데,0,DC_new10_kw1.csv,no,title,너무 특수 내용이라 빼는게 나아보임
KOREA,2018-08-24,ㅇㅋ (175.223),DCinside,설거지,요즘 무조건 거르는.... 배달음식집...jpg,"좆회용 용기' 이거 쓰는 새끼들 집은 무조건 거름 좆회용 용기 쓰는 이유가 그냥 지들 설거지, 그릇 수거 귀찮으니까 직무유기하고 손님한테 모든 책임 떠넘기는거 그 이상 그 이하도 아님. 게다가 거의 대부분의 음식점은 배달비에 최소배달 조건까지 내걸고 판매하고 있어서 대부분 15000은 넘어감. 근데 좆회용 용기? 씹창렬이나 다름없음 걍 장사할 마음이 없다는거 ㅇㅇ 차라리 그릇 씻어서 주는게 낫지 일회용 그릇 쓰면 건강에도 수십배 안좋음 플라스틱 써서 환경에도 안좋고 이거 쓰는 집은 절대 시키지마라 돈낭비 ㅇㅇ",330,그럼 사기그릇에 배달하냐?,0,DC_new7_kw1.csv,no,text,
KOREA,2021-10-24,Unknown,FMkorea,설거지,설거지를 할때는,싱크대까지 설거지하는 그릇이라고 생각하고 설거지루틴이 넣어야함\n드럽게 느리고 이렇게하면 가족들조차 미쳤냐하지만ㅋ\n실크대 물기를 보통 행주로 닦고 극세사 행주로 한번 더 닦음.\n주기적으로 광을 내줘야 하는데 베이킹소다 세제등으로 유막을 벗기고 기름을 바르는데 식용유는 좀 그렇고 연마 성분이 있는 비싼 인덕션 세제(말이 세제지 연마제+기름) 사용해서 어깨가 빠지게 광을 내주면 2-3주는 비슷한 광을 유지할 수 있구\n물론 설거지를 평소에 잘하고 물기를 완벽하게 닦아야 유지됨\n다른 청소는 잘 안함.\n싱크대 기스는 어머니가 놔둔 수세미를 실수로 썼는데 부드럽게 생겼는데 강도가 쇠수세미 정도였음 ㅠㅠ 스텐레스에 기스라니 망\n어떠냐 진짜 설거지란 이런 것이다,36,핥아도 될듯,0,FM주식_kw1.csv,no,text,
KOREA,2025-06-01,아싸기분조,MLBPark,설거지,뻘글 이시언 군대에서 설거지 비누로 한게 말이 되나요?,"‌저도 세제로 했는데?
97군번인데
수세미썼는데
이시언은 쇼파 뜯어서 썼다네요
추천
0
공유",0,군생활 내내 그냥 물에 손으러 닦고 그게 끝 가끔 비누 있으면 쓰고..,0,MLB_전체_KW1.csv,no,text,
KOREA,2025-11-19,Unknown,FMkorea,설거지,여태까지 세탁세제로 설거지 해왔네 ㅆㅂㅋㅋ,액체세제 큰 통에 담긴 거 당연히 설거지용인 줄 알고 세제통에 소분해서 써왔는데 다 쓴 거 재활용 버릴라거 봤더니 세탁 빨래용 써있음ㅋㅋ 그릇 뽀독뽀독하이 닦았으니까 상관 없겠지 머 뒤지기야 하겠나,7,계면활성제라 세척만잘했음 문제노,0,FM주식_kw1.csv,no,title,
KOREA,2024-05-17,5x20,MLBPark,설거지,음식 일본의 1인용 밥솥.jpg,"쌀 넣고 물만 넣으면 되고
밥솥겸 밥그릇이라 설거지는 한 번만 하면 된다네요
매끼니 갓지은 밥 먹을 수 있다고
추천
30
공유",30,걍 햇반먹으면 될듯ㅋㅋ,0,MLB_전체_KW1.csv,no,text,
KOREA,2025-10-01,Unknown,FMkorea,설거지,계란후라이 먹고 후라이팬 설거지 하세요?,"전 지금까지 그냥 키친타올로만 깨끗하게 닦았는데
이거 세제써서 설거지 하시나요?",9,케바케,1,FM자유_kw1.csv,no,text,
KOREA,2022-09-04,스카이맨1,MLBPark,설거지,억대연봉 노총각 식기세척기 사용 후기.txt,"건더기만 덜어내고
그릇 정리해서 넣고 돌리니
설거지 노동 해방 확실히 좋네요
눌러서 달라붙은건 잘 안떼져서 떼고 돌려야하긴하는데
그래도 삶의질 급등하네요
강추
추천
1
공유",1,식세기는 두개가 진리임 하나 더 사세요,0,MLB_전체_KW1.csv,no,title,
KOREA,2018-11-22,ㅇㅇ (122.35),DCinside,설거지,엄마 설거지시키네 씨발년 ㅋㅋㅋㅋㅋ,ㅋㅋㅋ,0,,0,DC_new7_kw1.csv,no,title,
KOREA,2022-05-22,ㅇㅇ (220.122),DCinside,설거지,털바퀴 설거지 ㅋㅋㅋㅋㅋㅋㅋㅋ,ㅋㅋㅋㅋ,0,,0,DC_new10_kw1.csv,no,title,
KOREA,2021-08-22,☃☃ (211.221),DCinside,설거지,설거지해.,,0,ㅇ,0,DC_new10_kw1.csv,no,title,
KOREA,2018-07-15,TVN,DCinside,설거지,아 설거지하다 야물농장 다끝나게 생겼네 ㅡㅡ,ㅇㅇ,0,,0,DC_new7_kw1.csv,no,title,
KOREA,2025-12-29,Unknown,FMkorea,설거지,설거지 고고 ...,.....,13,애초에 깨끗이 핥아먹으면 된다,1,FM자유_kw1.csv,no,title,
KOREA,2021-10-23,ㅇㅇ (175.208),DCinside,설거지,근데 설거지가,지방거지보단 낫다,0,,0,DC_new10_kw1.csv,no,title,
KOREA,2022-03-09,ㅇㅇ (117.111),DCinside,설거지,와 씨발 계속보다가 설거지하고오니까 노짱지나감,,0,,0,DC_new10_kw1.csv,no,title,
KOREA,2021-10-30,아도비스,DCinside,설거지,설거지시키노 ㅋㅋㅋㅋㅋㅋㅋㅋㅋㅋㅋㅋㅋㅋ,,0,,0,DC_new10_kw1.csv,no,title,
KOREA,2021-10-24,ㅇㅇ (123.109),DCinside,설거지,ㄹㅇ 설거지ㅋㅋ,ㅇ - dc official App,0,,0,DC_new10_kw1.csv,no,title,
KOREA,2020-11-04,Unknown,FMkorea,설거지,오늘 설거지 당번이에요,잉,13,"파인에플갓꼬북
😠",1,FM자유_kw1.csv,no,title,
KOREA,2021-08-08,ㅇㅇ (223.39),DCinside,설거지,설거지가 두렵지는 않다 다만,솔직히 설거지가 두렵네,0,귀엽네 임티,0,DC_new10_kw1.csv,no,title,
KOREA,2023-01-02,Unknown,FMkorea,설거지,설거지 끝,굿굿,9,"카리나
직접 하세요",1,FM자유_kw1.csv,no,title,
KOREA,2020-12-25,Unknown,FMkorea,설거지,설거지 하러갈거야,흑흑,10,다하고검사받아,1,FM자유_kw1.csv,no,title,
KOREA,2021-03-19,ㅇㅇ (118.218),DCinside,설거지,엄마랑 가능하면 개추,"""설거지""",0,,0,DC_new10_kw1.csv,no,text,
KOREA,2020-03-14,Unknown,FMkorea,설거지,요리하면 단점,설거지 할게 너무 많아요..,13,"릭돔
짱감사해요",1,FM자유_kw1.csv,no,text,
KOREA,2025-05-19,Unknown,FMkorea,설거지,아니 근데 설거지를 진짜 님들이 해요????,왜?,16,불효자새끼,1,FM자유_kw1.csv,no,title,
KOREA,2022-01-03,삐약삐약,DCinside,설거지,설거지ㅋㅋㅋ,,0,,0,DC_new10_kw1.csv,no,title,
KOREA,2025-09-29,Unknown,FMkorea,설거지,설거지완료,"하면서 4세트가 끝났군 동점
5세트 시작",9,ㅅㅅ,1,FM자유_kw1.csv,no,title,
KOREA,2022-04-26,스나이퍼갑 (211.197),DCinside,설거지,사진 한장으로 혈압 올릴 수 있는 방법,"요약: 1짤은 ""남혐이 가득한~"" ㅇㅈㄹ이고 2짤은 바람핀년도 위자료 받을 수 있다고 선동하는 짤 한녀와의 결혼은 마지막에 먹은놈이 하는 설거지 한녀랑 586 딜러새끼들은 우리랑 같은 동료시민이 아니다 한녀와의 유사결혼 후 이혼하는 것은 도축당하는 것이다 여기 나라 아니다 ㅅㅂ 독립 왜했노? ㅈ같은 한녀민국 ㅉㅉ 한녀 가성비: ""해줘""세대, 가스라이팅 ㅈ됨, 친자불일치 40퍼, 낙태 150만명, 스시녀보다 가슴작은 소슴소젖에 허리둘레 8cm 두꺼움, 한남 성병 5배, 스시녀 대비 성무고 500배, 결혼 시 3천 미만 들고옴, 전업주부 어린이집 이용률 개 씹높음, 대다수가 무쌍에 좆같이 생김, 원정성매매 세계 2위, 10000명 중 9999명이 꼴페미&페미에 묻어감, 군대 비하, 감사지수 수치 세계 최저통계, 물질만능주의, 우울지수 세계 최고 통계, 세계유일 출산후 산후조리원 입원 성매매(유사성매매포함) 를 해본경험이있다 63.4% 그저... 대단하다! K-정자수집기!!!",552,바람피고도 위자료 받는거 ㄹㅇ 현실임 야나갑 말대로 기울어진 법전이라,0,DC_new10_kw1.csv,misogyny,text,
KOREA,2021-10-29,ㅇㅇ (223.39),DCinside,설거지,설거지남 오열... 제대로 뼈때려버리는 만화......jpg,"""그래도 행복하시죠?""",587,니 주변 아재랑 친하질 않아서 그래. 친해진다음 술자리에서 결혼생활 어떠냐고 물어보면 바로 각나옴.,0,DC_new10_kw1.csv,misogyny,title,
KOREA,2022-03-05,스나이퍼갑 (211.197),DCinside,설거지,주갤문학) 마장동탄 도축론 ㄷㄷㄷㄷㄷㄷ,"대충 간단 요약 한녀와의 결혼은 마지막에 먹은놈이 하는 설거지 수준에서 그치지 않고 밑짤에 나오듯이 소새끼마냥 도축당한다는 내용 ㅇㅇ 글이 ㅈㄴ 길어도 앵간하면 다 읽어보는거 추천한다 왜? 썅년부 모니터링단 한녀 씹새끼들이 주갤 도축론 념글 싹 짜르고 있어서 가져와봤음 이게 딜이 존나 극딜 수준으로 박힌다는 반증이거든 ㄹㅇ 이것도 실베 갈때까지 복습업처럼 시간 날때마다 올릴 예정이다 실베 꼭 갈수있게 많은 호응 간절히 앙망한다 이기 도축을 피해 도망가는 한남.. 결국 다시 잡혀서 도축당하러 감(이혼소송 가정법원) 도축장(가정법원)에서 도축 확정(위자료 지급 판결) 나니까 피눈물 쏟는 모습.... 부동산, 현금, 차, 양육권, 위자료, 부모님 유산 등 알뜰살뜰하게 한남을 도축하는 한녀 어느 한 부위도 빼먹지 않고 알뜰하게 도축하는 한녀의 모습.... 한녀의 피도 눈물도 없는 악랄한 작태를 보고 '아... 전업주부로 살았을 때도 이렇게 알뜰살뜰 했으면 얼마나 좋았을까' 라고 생각하는 한남... 한번 더 강조한다 한녀와의 결혼은 마지막에 먹은놈이 하는 설거지이고 한녀랑 걸레같이 이놈저농 정ㅇ이나 받아내서 낙태를 즐기는 연탄자살, 침수차랑 동급인 한녀 씹새끼들 같은 악성재고 팔아치우는 양아치 쓰레기 586 딜러새끼들은 우리랑 같은 동료시민이 아니다 이혼이라는 명목으로 도축당해서 재산 강탈당하고 싶으면 열심히 한녀 씹새끼들 설거지하렴 병신 흑우 장애 무뇌 물소 야붕이 한남충 새끼들아^^ 내가 ㅆㅂ 이쯤이면 오기가 생긴다 ㄹㅇ 맨날 나보고 여혐충이라고 까는 물소새끼들 보면 이 개새끼들 나중에 한녀 설거지해서 도축당하고 피눈물 흘릴 때 꼭 앞에서 삿대질 하면서 개쪼개주고 싶어서라도 계속 야념올린다 씹새들아 조선족? ㅈ까 씨발 내가 꿈속에서 시진핑이랑 모택동 애미애비 새끼들 6974892 조각으로 토막친게 523518번이야 ㅅㅂ 그저... ㅈ같다! Korean Fucking Cunt!!!",416,소고기를 먹고 소에게 감사하는 사람을 본적이 있나?  - dc App,0,DC_new10_kw1.csv,misogyny,text,
KOREA,2021-10-24,문틀러,MLBPark,설거지,사회 극과 극은 통한다 - 도태남녀들의 특성,"도태남은 설거지 퐁퐁남들 욕하고
도태녀는 흉자련들을 욕하죠
거기다 무슨 말을 해도
귓구멍을 용접했는지 똑같은 말만 반복하구요
성별만 다를 뿐이지 데칼코마니처럼 똑같은 애들입니다.
다들 불쌍하니까 부들부들하면서 글써도
덕담 한마디씩 해주자구요
추천
0
공유",0,여보 쉰소리 그만하고 설거지 끝났으면 가서 음식물쓰레기나 버리고 와,0,MLB_전체_KW1.csv,misogyny,text,
KOREA,2022-04-17,스나이퍼갑 (211.197),DCinside,설거지,검머외나 다름없는 한녀 고백 거절한 한남의 썰,요약 외국에서 돌아온 사회성 제로 개독년 고백 거절했다가 잠깐 곤욕겪고 시마이친 한남의 썰 한녀와의 결혼은 마지막에 먹은놈이 하는 설거지 한녀랑 586 딜러새끼들은 우리랑 같은 동료시민이 아니다 한녀와의 유사결혼 후 이혼하는 것은 도축당하는 것이다 하도 어이가 없어서 말이 안나오노ㅋㅋ 일찍 손절친 그대의 판단에 경의를 표합니다^^ 그저.. 대단하다! K-자폐싸개!!!,512,칼맞고싶냐 ㄹㅇ,0,DC_new10_kw1.csv,misogyny,text,
KOREA,2021-10-24,ㅇㅇ (223.62),DCinside,설거지,설거지론 ㅋㅋㅋㅋㅋㅋ 이와중에 인스타 근황 ㅋㅋㅋㅋ,무수한 커플들의 덧글들이 ㅋㅋㅋㅋㅋㅋㅋ,0,,0,DC_new10_kw1.csv,misogyny,title,내용 추측 불가
KOREA,2021-10-24,ㅇㅇ (218.54),DCinside,설거지,퐁퐁단 1승.....설거지론 반박 떴다......JPG,젊었을때 키 크고 잘생긴 남자랑 불같은 사랑한 것도 맞고 결혼은 못생겼지만 안정적인 남편이랑 한 것도 맞지만 그건 젊었을 때 이리저리 치이다 '사랑의 방식'이 바뀐거지 결코 순진남을 속이려한건 아니라고 함 ㅇㅇ.... 그리고 상대방의 성적 매력은 줄어든게 맞으니까 여자 성욕이 떨어지는건 어쩔수 없다고 하네 ㅇㅇ 뭘 얼마나 치이고 살았길래 사랑의 방식이 그렇게 갑자기 바뀌는진 모르겠다만 퐁퐁단은 일단 사랑받는게 맞다고 하니 안심하자구 ㅇㅇ,2566,"사랑의 방식이 바뀌었겠지 사육 으로 ㅋㅋㅋ
노예를 결혼이라는 울타리에 가두고
돈을 빼먹는거임",0,DC_new10_kw1.csv,misogyny,title,
KOREA,2022-04-26,스나이퍼갑 (211.197),DCinside,설거지,성범죄 무고마인드가 기본으로 탑재되있는 한녀,3줄요약 1. 술에 꼴아버린 한녀를 데리고 모텔간 한남 2. 한녀는 깨고나서 강간 의심하고 개지랄남 3. 까고보니 한남이 한녀 오줌싼거 뒷처리 해준걸 녹음함 한녀와의 결혼은 마지막에 먹은놈이 하는 설거지 한녀랑 586 딜러새끼들은 우리랑 같은 동료시민이 아니다 한녀와의 유사결혼 후 이혼하는 것은 도축당하는 것이다 지가 지 몸가짐 병신같이 해놓고 엄한 사람 의심하는거 봐라 ㅉㅉ 한국년들은 그냥 홀로코스트가 답이다 뭐만하면 성무고로 한남 인생 망칠 생각만 하노ㅋㅋ 내 개인적인 소원이 ㄹㅇ 종북좌파 빨갱이들이랑 한녀들 멸절하는거다 5년 안에 출산률 0.3명까지 떨어졌으면 존나 좋겠음 그저... 지랄났다! K-강간무새!!!,726,섹스도 못하는 남사친은 왜 하는거냐? 존잘남에게는 1초만에 대 줄텐데 오줌싼 속옷 빨아줘도 성폭행의심 ㅋㅋㅋㅋㅋ,0,DC_new10_kw1.csv,misogyny,text,
KOREA,2021-10-26,ㅇㅇ (180.69),DCinside,설거지,설거지론 = 처녀론은 아니지만 순결론은 맞잖아 ㅋㅋ,요즘 시대에 처녀까진 못 바라겠고 최대한 순결했으면 좋겠다는 거 아님? 그게 아니면 과거에 누가 먹었든 무슨 상관임? 내가 좋아서 결혼하겠다는데,0,우기는건니고,0,DC_new10_kw1.csv,misogyny,title,
KOREA,2021-10-27,오징어연,MLBPark,설거지,보배드림 퐁퐁남(?)jpg,"보배드림 설거지론
추천
3
공유",3,사준거자나요 카드로 산거 결제대금내준게 아니라 그 차이가 크죠. 와이프가 고맙다고 하면 그만임,0,MLB_전체_KW1.csv,misogyny,title,
KOREA,2021-10-31,ㅇㅇ (223.39),DCinside,설거지,[PTSD주의]......학창시절 찐따들 유형 ........txt,롤잘하는 찐따 - 여자친구 사겨본적 X - 학교성적은 3~4등급나옴 - 여자앞에서 존나수줍어함 - 일찐녀들이 귀엽다고 해주면 망상오지게함 - 축구할줄모르지만 수비수나 골키퍼 역할함 - 체육시간에 혼자 뒤에서 스마트폰함 - 플레~다이아수준의 롤실력을 가지고있음 - 롤을 잘해서그런지 남자애들이 은근따름 - 싸움잘하는 일찐이 표정ㅈ같다면서 이유없이 때림 - 롤갤에서 페쇼쵸까면서 가면쓰고 갈드컵대전함 - 인스타팔로워 30명이하 쳐맞고다니는 찐따 - 초딩때 여자친구 사겨본적 1번있음 - 학교성적은 5~6등급나옴 - 여자앞에서 쌘척하지만 ㅈ밥인거 탄로남 - 남친있는 일찐녀한테 고백했다가 까여서 구타당함 - 여자애들하고 놀고싶어서 나대고다니지만 안껴줌 - 잘나가는일찐 따까리짓하면서 찐따무리대장역할함 - 나름 찐따무리에선 사황이라불림 - 야갤에 야짤 올리고다님 - 후다인척하지만 연애한번못해본 아다임 - 메이플 헤네시스에서 타자치면서 패드립함 - 디코에서 여자목소리들리면 물소짓함 태생이 존재감없는 찐따 - 태생부터 여자들이 관심조차안줌 - 학교성적은 7~8등급 나옴 - 수학여행 버스탈때 아이스박스랑 짝꿍함 - 선생한테 이름불릴때마다 반분위기 싸해짐 - 남자애들조차 관심없어서 안놀아줌 - 자리바꿀때 맨뒷자리 좌석 짬처리 담당함 - 점심시간에 아무도 안깨워줘서 혼자먹으러감 - 같이먹을 친구가없어서 밥굶을때도있음 - 일베에 주작캡쳐해서 여친인증사진 올림 - 빼빼로데이때 자작극해서 일베에 인싸인척 주작글씀 - 던파함 인싸가 되고싶어하는 찐따 - 여자친구한테 항상 차이고다님 - 학교성적은 6~9등급나옴 - 멸치거나 어좁이임 - 스타일은 인싸스러운데 아싸같이생김 - 자기가 여자들한테 인기많은줄알음 - 머리신경 오지게쓰고 ㅈ같은귀걸이 차고다님 - 잘나가는 선배 아는척하면서 - 잘나가는일찐 따까리짓함 - 이쁘게생긴여자애 보빨하고다님 - 의외로 일찐녀와 사귄경험이있음 - 일찐녀가 바로 다른남자생겨서 하루만에 차임 - 여기저기 여자애들한테 찝적대지만 정작 솔로임 - 여자애들하고 놀고싶어서 나대고다니지만 안껴줌 - 일찐들한테 이유없이 쳐맞고다님 - 잘나가는일찐들한테 술담배 공급해주는 역할함 - 자기가 일찐무리 인싸인줄알지만 사실 빵셔틀임 - 롤도드럽게못해서 남자애들이 기피함 - 갑자기 찐따들한테 이유없이 화풀이함 - 친구한테 여자썰풀고다니지만 사실 씹구라임 - 야갤에 허언으로 여자썰풀고다님 - 인스타에 셀카올리지만 좋아요 10개미만임 본인이 찐따가 아닌줄아는 찐따 - 여자친구 사겨본적 있음 - 학교성적은 3~4등급나옴 - 여자한테 인기있는줄알지만 사실인기없음 - 잘해주면 나대기 시작함 - 이시대 최고스윗남이지만 여자들이 안사겨줌 - 학교에서 인기없는 여자애랑 사귐 - 롤은근잘함 티어는 골드~플레정도임 - 어릴때 술담배 빨리접함 - 여자애가 실체를알고 헤어지려하면 돌변함 - 여자애들한테 찝적대지만 바로까임 - 나대는것도 ㅈ같은데 찌질한성격을 가지고있음 - 노래방가서 김나박이수노래 부름 - 노래 ㅈ같이 못부름 - 야짤 500장 저장하고다님 - 일본AV배우 이름 다알고있음 성격ㅈ같은 찐따 - 여자에 관심없음 - 학교성적은 7~8등급나옴 - 입에 풀칠했는지 학교에서 아무말안함 - 자는척하면서 자기얘기하나 사주경계함 - 일찐들한테 이유없이 쳐맞고다님 - 불쌍해서 밥같이먹자해도 혼자먹는다고함 - 일찐녀들이 어쩌다 챙겨주면 사주경계함 - 착하게생긴 여자애가 잘해줘도 사주경계함 - 피해망상 만렙임 - 근데 얼굴 존나이쁜애가 말걸어주면 좋아함 - 하지만 본인의 현실을깨닫고 다시사주경계함 씹덕 찐따 - 여자보다 애니캐릭터에 관심많음 - 학교성적은 5~6등급나옴 - 학교에서 아무말안함 - 자는척하면서 스마트폰으로 애니봄 - 일찐들한테 이유없이 쳐맞고다님 - 자신이 나루토 마다라인줄 알음 - 일찐녀들이 씹덕이라 무시하면 대노함 - 착하게생긴 여자애가 잘해주면 실실쪼갬 - 핸드폰에 씹떡짤 100장 저장해놈 - 카톡프사가 러브라이브 주인공임 - 인스타가면 러브라이브짤밖에없음 - 가끔 SNS에 부모님이랑 찍은 사진올림 - 씹덕이라 놀리면 김희철도 씹덕이라며 자기합리화함 - 일뽕맞음 유쾌한척하는 찐따 - 여자에 관심존나많음 - 학교성적은 5~6등급나옴 - 학교에서 말존나많음 - 옆에서 냄새남 - 의외로 일찐들이 좋아함 - 일찐녀들은 ㅈ같다며 기피함 - 친구들이 놀리면 유쾌한척해댐 - 계속괴롭히면 각성해서 다패고다님 - 알고보니 싸움 존나잘함 - 어릴때 유도부 유단자 출신임 - 숨은 재야의 싸움고수 건들면 안되는 찐따 - 여자친구 사겨본적 X - 학교성적은 3~4등급나옴 - 사고쳐서 강제전학당했거나 퇴학당했음 - 금수저라 부모님이 억지로 학교생활유지시킴 - 여자애들이 눈빛보고 무서워함 - 음침하고 조용한성격이라 말수가 적음 - 잘나가는 일찐들도 건들면 칼맞을까봐 말안걸음 - 학교에서 싸움잘하는 일찐전용 셔틀 - 싸이코패스성격을 가지고있음 - 혼자다님 얼굴 예쁜 찐따녀 - 어릴때 남자친구 사겨본적 있음 - 학교성적은 2~3등급나옴 - 어릴때 인기는 존나많았음 - 얼굴이쁜데 왜찐따일까하지만 찐따임 - 성격존나착하고 남들한테 잘해줌 - 야붕이들한테 잘해줘서 착각하게만듬 - 의외로 찐따들이랑 사귄적있음 - 얼굴이뻐서 한녀들한테 ㅂㅈㅂ당함 - 또래여자애들한테 왕따당한경험 있음 - 남자들은 좋아하는데 여자들은 ㅂㅈㅂ느낌 - 야붕이들이 만만하게봐서 고백갈김 - 잘나가는일찐들이 귀엽다며 접근함 - 50%확률로 얼굴이쁜일찐 됨 - 한녀들이 하루종일 사주경계함 - 공부잘하는찐따녀 2명 짝지어서 다님 - 인스타에 찐따처럼 찍은사진 올림 - 이세상에서 존재할확률은 5%임 건들면 안되는 찐따녀 - 남자에 관심없음 - 학교성적은 2~3등급나옴 - 의외로 금수저임 - 남자애들이 눈빛보고 무서워함 - 음침하고 조용한성격이라 말수가 적음 - 잘나가는 일찐들도 무서워서 말안걸음 - 싸이코패스성격을 가지고있음 - 비슷한 성향인 1~2명과 짝지어서다님 - 애니에빠진 오타쿠임 - 트위터 메갈함 - 페미 X갈 찐따녀 - 남자에 관심많지만 사겨본적X - 메이플 랜선연애 경험있음 - 학교성적은 2~3등급나옴 - 존잘남에대한 환상을 가지고있음 - 남자애들이 그냥 ㅈ같아함 - 음침하고 조용한성격이라 말수가 적음 - 카톡프사가 귀멸의칼날 젠야츠임 - 단톡에선 말존나많지만 현실에선 조용함 - 찐따들도 짝꿍하기 싫어함 - 싸이코패스성격을 가지고있음 - 비슷한 성향인 1~2명과 짝지어서다님 - 메이플에서 사진도용해서 남자꼬신적있음 - 집에돌아오면 부모님한테 짜증존나냄 - 이쁜여자애 ㅂㅈㅂ 존나심함 - 이쁜여자애 뒷담 오지게 까고다님 - 이쁜여자애 루머 퍼뜨리고다님 - 트위터 메갈 VIP회원 - 페미글쓰면서 한남까고다님 설거지 고위험군 찐따 - 여자친구 사겨본적X - 학교성적은 1~2등급나옴 - 여자한테 관심은 엄청많음 - 성공해서 존예녀들 만나고싶어함 - 일찐녀들이 만만하게보고 갖고놀음 - 노래방가서 쇼미더머니나온 랩함 - 이쁜애들이 공부갈켜달라하면 망상버튼 발동 - 잘나가는 일찐들이 공부갈켜달라함 - 이쁜여자애 몇년동안 짝사랑하고있음 - 의외로 롤 존나잘함 티어는 플레~다이아 - 좋아하는여자애 상상하면서 DDR침 - 자기들끼리 노래방도가고 의외로 잘놀고다님 - 점심시간에 자기들끼리 무리지어서 다님 - 설거지 고위험군 - 야갤함,667,팩트) 이런글 쓰는 새끼는 인생에 하자가있다  - dc App,0,DC_new10_kw1.csv,misogyny,text,
KOREA,2022-01-09,스나이퍼갑 (211.197),DCinside,설거지,뭐든지 반반을 주장하면서 돈벌이는 유일하게 반반을 주장하지 않는 한녀들,"요약 1. 연봉: 남편- 8500만 아내-1500만 2. 집안일은 지가 다한다고 찡찡 찍찍거리는 한녀충 3. 판년들도 절레절레 개팩트)) 한녀들은 집안일, 육아, 시댁 처가 주는 용돈 '반반' 등 뭐든지 '반반'을 주장함 그런데 ㅆㅂ 돈 벌어오는 건 절대로 '반반벌이' 주장 안 함 그냥 '맞벌이' 임 개 ㅆㅂ 미친새끼들 ㅉㅉ 대부분의 “맞벌이” 가정들이 남편이 더 힘들고 빡세고 어려운일을 소득이 더 높아서 '반반벌이' 가 아님 남편이 훨씬 더 벌거든 근데 ㅆㅂ 그걸 인정하면 지들이 꿇리니까 이딴 개 좆논리로 한녀충들이 “(니가 더 벌지만) 우리는 맞벌이니까 집안일도 반반, 시댁 처가 용돈도 반반하자” 라는 애미뒤진 주장을 쳐 하는거임 지금부터 “맞벌이”라는 애미뒤진 단어 말고 공평하게 “반반벌이”라는 단어를 씀으로써 한녀들이 소득은 '맞벌이' 로 주장하고 집안일은 '반반' 주장하는 이딴 가스라이팅에 낚이지말자 한녀와의 결혼은 뭐라고? 마지막에 먹은놈이 하는 설거지다 이런데도 피나 찍찍 싸는 한녀 뷰ㅈ 못빨아서 안달인 한남충들은 그냥 갱생불가인 병신 장애 저능아 새끼들이니까 운지로 효도하자^^ 그게 처음이자 마지막으로 효도하는거다 이기 그저... 머단하다! K-찍찍이!!!",275,한녀 특유으 그 밝은 미소 있잖아 그것때문에 한녀가좋음,0,DC_new10_kw1.csv,misogyny,text,
KOREA,2021-10-26,ㅇㅇ (221.167),DCinside,설거지,설거지 퐁퐁하면서ㅜ존나놀렸는데,돈은 그리많이 못버는데 집에 돈좀있고 이번에 청약될집 34평형 7억정도 될거고 차도이미 있고 가전만 넣으면 ㄹㅇ 시발 결혼만하면 자동 설거지 당첨이잖아 - dc official App,0,조건녀 스폰녀 불러서 가끔 떡치는게 답  - dc App,0,DC_new10_kw1.csv,misogyny,text,
KOREA,2022-02-17,스나이퍼갑 (211.197),DCinside,설거지,복습업) 음탕하고 문란한 이지걸 한녀충들의 통계,"멍청한 빡대가리에 한녀 뷰ㅈ에 정신팔려서 대가리 깨진 흑우 한남충 ㅂ빨러 야붕이 새끼들아 너희를 위한 한국여자가 왜 더러운 년들인지 다시 한번 복습하는 글을 마련해봤어^^ 이거랑 반페미 한녀 글은 매주 주말마다 올릴거니까 대가리 나쁘면 그냥 외우자 이렇게 개 좆같이 못생긴 년들이 대다수이고 이거보다 이쁜년들은 9할 이상이 성괴한녀충이라고 보면 된다 근데 저렇게 못생긴 도태한녀충들도 꼴에 여자라고 ㅈㄴ게 밝혀서 성병발병률이 한남 5배임 ^오^ 심지어 10대 한녀유충들도 한남들에 비해서 압도적인 수치! 세계 어느나라를 가도 ㅆㅂ 남자들이 여자들보다 성병발병률 높은데 이건 그냥 유일무이한 통계다 이거야! 어휴 더럽다 더러워ㅋㅋㅋㅋㅋㅋㅋㅋㅋㄱㄱㄱㅋㅋㅋㅋㅋ 아무리 명품이랑 해외여행이 좋다지만 난생 첨보는 애들 물까지 받아가면서 저러고 싶을까???? 니들이 허영심만 넘치는 한녀충을 설거지하면 과연 어캐될까??? 설거지를 마다하고 승리좌 말대로 먹기만 해도 나중에 성무고로 배탈난다 이기 물질주의 지수 세계 최고 감사지수 세계 최저 성형수술 비율 세계 1위 ^오^ 2030 한녀벌레들 페미 비율 세계최저의 신체스펙을 가진 한녀충답게 무골반&소슴소젖인데 심지어 뚱뚱하기까지????? 이정도면 그냥 머리만 긴 한남 아니냐???? 바지 내리지 않는 이상 암수구분이 불가능하겠노 이기ㅋㅋㅋㅋ 낙태 110만명에서 150만명으로 개떡상????? 태아슬레이어 칭호에 걸맞게 자궁에 쇠꼬챙이 Mix 하느라 열일하노 이기 남녀 결혼 비용(2013년 기준) 이혼시는 특유재산 포함 반띵 결혼비용이나 한녀 표독스러움을 깨닫고 설거지 거부하면 칼찌당함 ^오^ 이혼 존나게 하는 이유가 뭐겠냐??? 니들 재산을 재산분할&위자료랍시고 존나게 쳐먹으려는거지ㅋㅋㅋㅋㅋㅋㅋㅋㅋㅋㅋㅋㅋㅋㅋㅋㅋ ㄹㅇ 2030 한녀충들은 헬조선 역사상 586이랑 더불어 최악의 세대 아니겠냐? 희대의 기생충년들이 ㅉㅉ 이건 본인이 사업체 굴리는 놈이라면 따로 회사 법인 하나 만들어서 재산 옮겨놓으면 방어 가능한데 니들한테 해당되는 얘기 아니니까 pass~ 기혼여성의 외도 비율ㅋㅋ 이로 인한 결과는 밑짤들로 설명 대신한다 애를 싸질러도 대다수 애새끼들 생김새만 보면 그냥 성욕부산물인데 애정이 갈거같아???? 아무리 고슴도치도 지 새끼는 예쁘다 예쁘다 하지만 저건 그냥 선넘었지ㅋㅋㅋㅋㅋㅋㅋㅋㅋㄱㄱㄱㅋㅋㅋㅋㅋㅋㅋㅋㅋㅋㅋㅋ 친자불일치 40퍼에 친자확인 제도적으로 막자 ㅇㅈㄹㅋㅋㅋㅋㅋㅋㅋㅋㅋㅋㄱㅋㄱㅋㅋㅋㅋㅋㅋㅋㅋㅋㅋㅋㅋㅋㅋㄱ 한녀충 설거지해서 구차하게 ㅅㅅ하자고 애원해서 부산물 싸고 아득바득 사는것도 ㅈ같은데 그 부산물이 지 자식이 아닐까봐 걱정하고 살고싶냐? 심지어 출산률 세계최저는 물론 전업주제에 보육시설은 존나게 이용하고 놀고먹는 기생충년들 그 벽들을 다 뚫어도 퐁퐁남 대다수의 현실 더 놀라운건 퐁퐁남들은 죽지만 않아도 다행임 하지만 여기서 끝나면 한녀가 아니지ㅋㅋ 이 모든 시련을 전부 악으로 깡으로 버텨도 기다리고 있는 것은 황혼이혼이란 말씀!! 이게 한녀충이다 개병신들아 한녀의 실체가 이따구인데 아직도 한녀 뷰ㅈ냄새 킁킁거리는게 좋아 미치겠어? 그럼 넌 예비 퐁퐁이다 븅신아 이쯤되면 한녀와의 결혼이 뭘 의미하는지 알겠지??? 답지를 손에 쥐어주면서 떠먹여줘도 모르면 뭐다? 병신이다^^ 한녀와의 결혼은 뭐라고? 마지막에 먹은놈이 하는 설거지다!!! 엠창인생 인망새 도태한남충으로 살기 싫다면 한녀는 거르자 이기 ???: 결혼하지마... ???: 왜요??? ???: 그냥 하지말라면 하지마 이 씨발새끼야. 이게 왜나왔겠노ㅋㅋㅋㅋㅋㅋㄱㅋㅋㅋㅋㅋㅋㅋㅋㄱㅋㅋㅋ 국가가 젊은 한남들을 미친듯이 수탈하고 착취하고 대가와 존경없는 희생을 강요하면서 한녀들한테 조롱받아도 방관하는거 ㅈ같지? 이에 대한 유일한 복수방법은 한녀와의 결혼 보이콧이다 한녀충이랑은 결혼해주지 말자 그리고 이건 뭐 소수에 불과하겠지만 가능하면 탈조하거나 결혼이 ㅈㄴ 하고싶은 새끼는 국결 가즈아ㅏㅏㅏㅏㅏ ""내가 선택한 한녀는 선하고 참한 한녀일거야!"" 라고 생각하는 병신들 꽤 있는데 응 아니야 병신아 한녀는 다 똑같다 다 똑같고 애미뒤진 마인드 가진 씨발창년의 새끼들이 존나게 많으니까 나라가 이꼴난거다 이 병신들아 정신차려라 해외에서 한녀들 조롱하는 KFC 뜻: Korean Fucking Cunt 그저 ... 추잡하다 ! K-Dirty girl!!!",256,"성병은 ㅋㅋ 한남좆이 타국남들이랑 다르게 존나 더럽고
비위생적이니까 걸리는거고 더러운생좆 보지에 넣으면
걸리지ㅠㅠ 으 씨발",0,DC_new10_kw1.csv,misogyny,text,
KOREA,2021-10-23,ㅇㅇ (211.119),DCinside,설거지,야추) 의느님도 인정한 설거지론 심층 분석...jpg,"필력보소 씹 ㅎㄷㄷ 더 큰 문제는... 이론이 나오기전부터 이미 30대 미혼율 50% 돌파 ㄷㄷ 아.. 결혼시장 핵폭탄급 파급력으로 예상되는 이론의 정립, 설거지론... 위 예상보다 250년 정도 앞당겨질 듯 ㄷㄷ",2425,ㅇㄹ,0,DC_new10_kw1.csv,misogyny,title,
KOREA,2021-10-24,ㅇㅇ (211.227),DCinside,설거지,퐁퐁남 모임 틀리앙 설거지론 반응ㅋㅋㅋㅋㅋㅋㅋ.jpg,단체로 빈 댓글 달면서 부들대기 입갤ㅋㅋㅋㅋㅋㅋㅋㅋㅋㅋㅋㅋㅋㅋ 통쾌하면 개추~!,1233,정치를 떠나서 저기가 퐁퐁이들 집합소잖아 ㅋㅋㅋ,0,DC_new10_kw1.csv,misogyny,title,
KOREA,2021-11-12,스나이퍼갑 (223.38),DCinside,설거지,음주음전하고 돌진해서 사람 죽인 한녀,"요약: 30대 한녀가 술쳐먹고 만취상태로 새벽에 벤츠 몰고다니면서 공사장으로 돌진해서 노동자 박아서 죽인 글 ㅋㅋㅋㅋㅋ 심지어 음주운전 전과도 있는데다가 피해자 가족에게 사과도 거부함ㅋㅋㅋㅋ 한녀와의 결혼은 뭐다? 마지막에 먹은놈이 하는 설거지다^^ 진짜 한녀들은 사람 죽이는게 일상이노 ㅋㅋㅋㅋㅋ 성형수술, 낙태, 성무고, 원정성매매 1위에 친자불일치 40퍼, 시체 110만 마리 생산 이 대기록 그랜드슬램의 주인공은 스시녀도 갓양녀도 무슬림녀도 아니고 한녀다 그저....지랄났다! K-한녀!!! ㅋㅋㅋ",603,안지치냐?  - dc App,0,DC_new10_kw1.csv,misogyny,text,
KOREA,2021-10-24,ㅇㅇ (175.200),DCinside,설거지,싱글벙글 4단계 진입한 나무위키 퐁퐁이 형님,맞벌이는 설거지 아니죠?'ㅋㅋㅋㅋㅋㅋㅋㅋㅋㅋ - dc official App,488,"근데 보통 발작하는 애들은 지금 결혼 생활 자체에
불만이 있는거임. 아내가 자길 아껴준다는 생각이 안 드는거지.
흙수저론 얘기할 때 화가 나지는 않잖아. 비슷함ㅋㅋ",0,DC_new10_kw1.csv,misogyny,text,
KOREA,2022-01-18,스나이퍼갑 (211.197),DCinside,설거지,꿀대꿀대 거리는 한양여대 에타...,"요약 한양여대 에타에서 군대 비하하고 선동과 날조로 쇼부하는 것도 모자라서 비판하는 한녀들도 흉자로 만드는 한녀충들 역시 ""해줘"" 세대 답게 알려줘 ㅇㅈㄹㅋㅋㅋㅋㅋㅋㅋㅋㅋㅋㅋ 한녀와의 결혼은 마지막에 먹은놈이 하는 설거지 흑우 물소 보빨러 새끼들아 이딴 병ㅡ신새끼들 설거지해서 인생 아작나고 싶노? 이래도 한녀가 우리랑 같은 동료시민이냐?? 개 씨팔창년의 씨발새끼들 ㅉㅉㅉㅉㅉ 명심해라 한녀는 모든 부분에서 한남들한테 기생하는 기생충 그 이상도 그 이하도 아니다 여대도 한남이 만들었고 폰도 한남이 만들었고 지들이 먹고 자고 쌀때 쓰는 모든 용품들도 한남이 만든건데 양심이 있어야지 심지어 낙태도 한남이 해주고 지들이 성욕 해소할때 쓰는 딜ㄷ조차 한남이 만든거임ㅋㅋ 이거 두가지는 명심하고 또 명심해라 1. 한녀와의 결혼은 마지막에 먹은놈이 하는 설거지 2. 한녀는 우리랑 같은 동료시민이 아니다 그저 ... 지랄났다 ! K- 낙태머신 !!!",699,죽이고싶은 사람끼리 죽여 ㅇㅇ,0,DC_new10_kw1.csv,misogyny,text,
KOREA,2021-07-24,광주는복덩이야.,DCinside,설거지,남편이 두집 살림 하는 것 같다는 K-한녀!,3줄요약 1. 유부남을 유혹해서 한 가정을 망가뜨린 한녀가 신세한탄 함 2. 남편이 전처와 그 딸한테 경제적 지원한다고 ㅈ같다고 씨부림 3. 판년들조차 절레절레함ㅋㅋㅋㅋㅋㅋㄱ 한녀와의 결혼은 뭐다? 마지막에 먹은놈이 하는 설거지다^^ 끼리끼리 잘 만났노ㅋㅋ 어떻게 부부가 저렇게 잘 어울리고 근본이란게 없을 수가 있을까ㅋㅋㅋㅋㅋㅋㅋㅋㅋ 첩년주제에 징징거리는거 ㅈㄴ 꼴사납노ㅋㅋ 유부남을 꼬신 K-한녀나 홀라당 넘어가는 K-한남이나 유유상종이노 니가 선택한 한남이다 악으로 깡으로 버텨라^^,542,발기하려하네 자꾸,0,DC_new10_kw1.csv,misogyny,title,
KOREA,2021-10-25,마리모,MLBPark,설거지,사회 설거지론이 점점 정리되네요,"1. 서로가 사랑한다면 조건이 어떻든 퐁퐁 아님
2. 사랑없이 비지니스적으로 (듀오, 의무감, 선) 한 결혼에서 비지니스에 개발림 = 퐁퐁
추천
0
공유",0,이게 맞는건데 좀 이상한 소리하는 분들이 많더라고요,0,MLB_전체_KW1.csv,misogyny,title,
KOREA,2021-10-22,ㅇㅇ (121.136),DCinside,설거지,설거지론 부르짖는 야갤 여혐충들 현주소...jpg,,418,반박은 못하고 그저 인신공격만ㅋㅋㅋ,0,DC_new10_kw1.csv,misogyny,title,
KOREA,2021-10-24,ㅇㅇ (182.211),DCinside,설거지,전남대 설거지론 반응....jpg,,839,익명 6 개발작일으키네 ㅋㅋㅋㅋㅋㅋㅋㅋ 떳떳하면 저렇게 입이 길지가 않지  - dc App,0,DC_new10_kw1.csv,misogyny,title,
KOREA,2021-10-23,골덴글러브,MLBPark,설거지,사회 설거지론이 유행하는 거 보니 나라가 망조가 들긴 했네요,"사실 한국 사회에서 결혼이란 것은
솔직히 꼭 해야 하는지 모르겠지만
남들 다 하니까 왠지 꼭 해야 할 거 같고
안 하면 사회에서 도태되는 인간으로 낙인 찍히므로
결혼정보회사를 가건, 국제결혼을 하든
어떻게든 완수해야 하는 통과의례 같은 거였죠
그런데 최근 몇년간 페미가 기승을 부리고
그에 대한 반작용으로 반페미 또한 기세가 대단해서
안 그래도 결혼에 대한 의무감이 옅어질 때쯤
이 상황들이 비혼 유행에 기름을 부은 상태였는데
설거지론까지 이제 떠도는 정도가 됐으니 망조가 들긴 했네요
결혼이 정답이란 건 아니지만 그래도 지속적인 출산이 따라줘야
국가가 유지가 되므로 어쩔 수 없이 결혼을 많이 할수록
국가에는 유리한 건데
설거지론 자체가 위에서 말한 억지 결혼에 대한 수요에
특히 연애시장에선 밀려나 있던 사람들 대상에겐
더욱더 불편한 사실을 전달해서 의욕조차 상실시키는 관념들이 또 퍼져나가겠네요
오늘 기사 보니 생애 미혼율이 남자는 30% 정도로 예상되던데
이거보다 더 높아질 거 같습니다
여러모로 봤을 때 우리나라는 지금 이미 달이 다 차오른 상태고
이제 기우는 일만 남은듯 하네요
추천
0
공유",0,원래 페미 최종 목표가 결혼 안 하는 세상 만들기라죠,0,MLB_전체_KW1.csv,misogyny,title,
KOREA,2021-10-23,ㅇㅇ (118.235),DCinside,설거지,철학전공 설거지론에 대해 고찰.jpg,"인생의 3대 진리부터 알고가자. 사람의 인생은 한번뿐이다. 이 세상에 영원한 것은 절대 없다. 사랑은 불과 같다. 이 세상과 인간의 삶에는 수많은 진리가 있지만 그 중 세가지를 뽑아본 것이니 이 세가지가 진리의 전부라고 착각은 하지 말자. 이 세가지 진리는 모두 일맥상통하며 우리의 삶과 아주 밀접한 연관이 있다. 자. 본격적으로 그리고 단도직입 적으로 말해볼게. 사람인생? 한번 뿐이다. 이 말에 거짓이나 모순이 있다면 반박해봐라. 신으로 숭배하마. 사람의 인생은 나도 한번 너도 한번 모두에게 평등하게 주어진 원코인 인생이다. 이 한번 뿐인 인생에 영원한 것은 절대 없다. 그것이 설령 사랑일 지라도. 그리고 사랑은 불과 같다. 장작을 넣어주면 더 크게 타오르고 장작을 넣지 않는다면 그 불은 서서히 죽어간다. 한번 뿐인 인생에서 단 한명을 영원히 사랑한다? 10억분의 1 확률이다. 모든 사람은 수많은 사람을 사랑했다가 미워했다가를 반복한다. 그리고 나도, 너도 그 중 하나였을 뿐이거나 그 중 하나인 것이다. 사람이 인생에서 단 한명만을 영원히 사랑한다는 신과 부모님에 필적한 사랑을 기대하지 마라. 심지어 이 세상은 부모도 신도 배신을 하는 세상이다. 아니라고? 주변을 둘러봐라 믿었던 부모가, 자식이, 굳게 믿었던 신마저 배신하는 세상이다. 자식을 죽이는 부모. 부모를 죽이는 자식. 신에게 살려달라고 기도하지만 결국 죽는 사랑하는 이들. 영원한가? 당신의 목숨, 사랑, 곁에 있는 모든 존재가 영원한가? 이 말에 거짓이 있거나 모순이 있다면 반박해보라. 신으로 숭배해주마. 이 세상 사람들은 모두 영원하지 않은 세상에서 영원하지 않은 사랑을 하며 영원하지 않은 삶을 살아간다. 그렇기 때문에 한번 뿐인 인생에서 최대한 많은 사랑을 해보려고 하는 것이 어쩌면 인간이라는 영혼에 새겨진 본능과도 같은 것이다. 왜? 한번 뿐인 인생이니까. 그리고 영원한 것은 없으니까. 설거지? 왜 그렇게 생각하나. 털어서 먼지 안나는 사람이 있던가? 본인은 완전히 순결무구해서 그런 생각을 가지는 것인가? 한 사람을 한 평생동안 영원히 끊임없이 사랑할 자신이 있어서 그런 생각을 하는 것인가? 나는 사랑을 몰랐던 자들도 무분별한 사랑을 했던 자들도 비난하고 조롱할 생각이 전혀 없다. 왜냐? 이 세상에는 이런 사람도 있고, 저런 사람도 있기 때문이다. 각자가 주어진 운명속에서 삶을 살아가고 그렇게 살아왔기 때문에 그런 것 뿐이다. 무엇이 문제인가? 무엇이 정의인가? 답은 있긴 있다. 하지만 그 답또한 영원한 것이 아니며 각자에게 또다른 의문을 제시할 뿐이다. - dc official App",1,2줄이상 안읽어,0,DC_new10_kw1.csv,misogyny,title,
KOREA,2021-10-24,ㅇㅇ (211.223),DCinside,설거지,아니 설거지론은 아다가 핵심이.아닌데....,지좆으로 살다가 능력 돈은 좆또 없는데 돈만 보고 결혼하는게 설거지인데 곡해하는 애들 많노,0,처녀성도 절대 무시할 수 없다,0,DC_new10_kw1.csv,misogyny,title,
KOREA,2021-10-24,하....주석,MLBPark,설거지,사회 설거지론의 결혼 = 경제적 부양 계약 정도로 보면 되나요??,"계약 보장성을 위한 특약으로
애기 납품정도 추가된 계약서 작성한 불공정계약 맞죠?
추천
0
공유",0,그것도 친자검사 통과 이후에나 해당,0,MLB_전체_KW1.csv,misogyny,title,
KOREA,2021-07-29,ㅇㅇ (222.114),DCinside,설거지,어질어질... 남친한테 혼전순결을 주장하는 K-한녀!,"3줄요약 1. 글쓴 게이는 혼전순결 주장하는 한녀를 털끝 하나 건들지도 않았음 2. 까고보니 한녀는 글쓴놈이 군대에서 뺑이칠때 몸 막굴리고 다닌 수건중에 수건이었음ㅋㅋ 3. 씨ㅡ발놈이 결국 한녀를 방생함 ㅉㅉ 진짜 걸레중에 상걸레네 ㅉㅉ 근데 더 웃긴건 댓글 상태도 씨발 존나 노답임ㅋㅋㅋㅋ 이래도 한녀 좋다는 놈들 있냐? 한녀와의 결혼은 뭐다? 마지막에 먹은놈이 하는 설거지다^^ ㄹㅇ 일본여자 외국여자가 답이다 한녀 만날바엔 독신이 낫지 한녀 가성비: 키 좆만함, 와꾸 빻은 성괴, 껌딱지, 2030 한녀들 대다수가 꼴페미, 남자 돈만 밝힘, 표독스러움, 맨날 ""해줘"" 거림 그저... 대단하다! K-한녀!",895,"순결말하는건 내맘이지병신년아
어차피 ㅈ저여자가 다른사람한테.몸대주는.거때문에 헤어제는건데 ㅋㅋ",0,DC_new10_kw1.csv,misogyny,text,
KOREA,2021-10-24,ㅇㅇ (121.134),DCinside,설거지,설거지론 하니까 군머 식기세척 기억난다,실제로 비슷하려나 ㅋㅋ,0,,0,DC_new10_kw1.csv,misogyny,title,
KOREA,2021-10-23,lunaticmoon,MLBPark,설거지,사회 설거지남에 대해 알아보자.jpg,"훈남이면 설거지 아님
월수입 400미만 설거지 아님
여자가 자기 사랑하는 척이라도 하면 설거지 아님
추천
0
공유",0,"저 딴  생각이나 하려면  결혼 자체를 하지 말아야죠.,",0,MLB_전체_KW1.csv,misogyny,title,
KOREA,2021-10-24,커여운티이라,DCinside,설거지,설거지론 '그 성별' 반응 7탄.jpg,뭔 개소리인지 하나도 모르겠노 한남들의 반란 때문에 한녀들이 지들 좆될 것 같아서 남녀화합하자는 거 존나 역겹다 씨발 - dc official App,943,어떻게하면 잘생겼는데 도태되는거냐,0,DC_new10_kw1.csv,misogyny,title,
KOREA,2021-07-23,ㅇㅇ (223.35),DCinside,설거지,남편이 시댁가서 밥먹고 온다고 징징대는 한녀...,세줄요약 1. 남편이랑 지 용돈 둘다 20만원임 2. 지는 탱자탱자 놀면서 남편의 삶의 낙을 통제함 3. 판년들조차 절레절레함ㅋㅋㅋㅋㅋㅋㅋㅋㅋㅋㅋ 한녀와의 결혼은 뭐다? 마지막에 먹은놈이 하는 설거지다^^ 남편게이야 다른 남자의 행복을 위해서 방생하지 말고 백년해로 가즈아ㅏㅏㅏㅏㅏ,781,밥도 안 해준다는거노,0,DC_new10_kw1.csv,misogyny,text,
KOREA,2021-09-14,스나이퍼갑 (211.197),DCinside,설거지,지 상황에 따라 사상이 바뀌는 뱀새끼만도 못한 한녀...,요약: 남친 왈 지가 집해올테니 집값보다 적어도 상관없으니 혼수 해오라고 했는데 이 한녀충은 남친이 노무 계산적이라고 지랄중ㅋㅋ 정작 이혼할 경우까지 생각해서 하나하나 재면서 통박굴리는건 본인인데 ㅉㅉ 씨ㅡ발련이 ㅉㅉ 심지어 데이트비용도 7대3ㅋㅋㅋㅋ 진짜 요즘 한녀들 다 이렇다니까ㅋㅋㅋㅋㅋㅋㅋ 존나 계산적이고 이기적이고 표독스럽고 애미 씨ㅡ발련들 ㄹㅇ 언제는 반반결혼이 병신같다고 전통대로 남자는 집 여자는 혼수 ㅇㅈㄹ 하는 년들이 지들 입맛에 안맞으면 반반결혼 외치노 한녀와의 결혼은 마지막에 먹은놈이 하는 설거지가 맞다 무조건 일본여자 외국여자가 답이다 외국여자랑 결혼 못한다면 차라리 독신이 낫다 이런데도 한녀벌레 따위랑 결혼해서 생체 식기세척기 atm기 생체딜도 노예 자처할 흑우 한남충 있냐? 절대 한녀는 상종도 말아야 한다 애미뒤진 이중적인 씹노답 마인드.... 그저... 역겹다! K-한녀!!!,626,걍 결혼 안하면 깔끔하네 ㅋㅋ,0,DC_new10_kw1.csv,misogyny,text,
KOREA,2021-09-21,스나이퍼갑 (211.197),DCinside,설거지,모전여전 한녀들...,애미는 모성애 하나도 없는 82kg 김지영 세대... 딸년은 양아치&보빔충&창녀 대걸레.... 저 가족 중 그나마 인간이라고 할수있는건 애비놈이다ㅋㅋ 왜? 한녀 설거지 자처해서 인생 개 조졌지만 지가 선택한 한녀니까 악으로 깡으로 버티고 있으니ㅋㅋ 이래서 한녀와의 결혼은 마지막에 먹은놈이 하는 설거지다^^ 그저... 병신같다! K-한녀!!!,586,정상적인 부모면 회초리로 손이나 종아리나 좀 때리지 자식새끼 뼈부러질때까지 줘패는 애비를 뭘 자랑스럽게 말하고 있노??  - dc App,0,DC_new10_kw1.csv,misogyny,text,
KOREA,2021-10-26,ㅇㅇ (121.163),DCinside,설거지,설거지론 반박하던 리섭아내 인스타..,남편은 온데간데 없는...그럼 리섭의 인스타는? 아 ㅋㅋㅋ 아내 관련 게시물 뿐ㅋㅋㅋ 아 씨발 퐁퐁이형!!,1567,가테갤 돌아와,0,DC_new10_kw1.csv,misogyny,title,
KOREA,2021-10-26,ㅇㅇ (112.147),DCinside,설거지,처녀론 = 설거지론 하는 글들보면 비추박아라,"분명히 친페미 시민단체 수천곳, 여초사이트, 맘카페, 40대진보대학생 대깨문들이 여론몰이, 밭갈이 하러 올 거다 일반 설거지론에 대해서는 반박을 할 수 없으니 좌파 특유의 10%의 진실과 90%의 거짓과 과장을 이용하여 설거지론을 찌질한남자들의 프레임이라 씌우려 할 것이고 이 방법 중 가장 효과적인 것이 "" 요즘 시대에 처녀를 찾는 건 병신들이다 "" 라는 여론이다 앞으로 댓글이나 게시글에는 예쁘고 능력있고 성경험이 많은 여자들과 결혼한 남자들을 설거지라 놀리는 게시글도 많이 늘어날 거다. 특히 av배우와 결혼한 남자들, 연예인, sns스타들고 결혼한 남자들 등을 보여주면서 "" 설거지들 떴다 ㅋㅋㅋ"" 라는 식으로 글을 쓸 거다 설거지는 능력있고 예쁘고 경험 많은 여자들과 결혼한 남자들을 조롱하기 위한 것이 아니다. 전업주부면서 집안일, 육아에 불평하고 남편을 사랑하지도 않으면서 적당히 자기 수준에 맞게 타협하여 결혼한 기생충집단의 여성들과 그런 여성들을 치켜세워주는 남성들을 조롱함과 동시에 남성들에게 빨간약을 먹이고 손해보지 않도록 살게끔 만들려는 한국에서 살아가는 남성들의 생존이론이자 바이블이다",17,ㄹㅇㅋㅋ,0,DC_new10_kw1.csv,misogyny,title,
KOREA,2021-07-25,광주는복덩이야.,DCinside,설거지,어질어질.. 문재인 정부 전으로 돌아가고 싶다는 맘충 한녀들...,에라이 버러지 년들아 ㅉㅉㅉㅉㅉ 이런 저지능 금수 한녀들이랑 결혼하는건 뭐다? 마지막에 먹은놈이 하는 설거지다^^ 니네 말은 이렇게 해도 어차피 찢재명 찍을거잖아 이 씨ㅡ발련들아 ㅉㅉ 그저... 대단하다! K-한녀!,944,서울을 떠나 거지들,0,DC_new10_kw1.csv,misogyny,text,
KOREA,2021-10-22,ㅇㅇ,DCinside,설거지,근데 설거지론제창하는애들은 이사상을 퍼트려서 얻고자하는게 뭐임?,몸 굴리는년들에게 함부로 굴리지마라는 간접적인 경고냐?,0,지가 먹을려고,0,DC_new10_kw1.csv,misogyny,title,
KOREA,2021-10-28,ㅇㅇ (125.131),DCinside,설거지,전문가들의 설거지론에 대한 입장...news,"https://n.news.naver.com/article/020/0003389878 기자가 (설거지론 고위험군 직업인)교수들한테 설거지론에 대해 질문하자 ""찌질하다""라고 말하면서 ' 답변 거부 ' ""그래도 사랑하시죠? 교수 님들?""",1858,돈 존나 많은놈들은 그냥 다 골라먹을 수 있으니 뭐,0,DC_new10_kw1.csv,misogyny,title,
KOREA,2022-03-05,스나이퍼갑 (211.197),DCinside,설거지,부부싸움 하고 글 올려보라는 한녀,"3줄요약 1. 한남이 친구 만나서 술먹는다고 시애비한테 혼내달라는 한녀 2. 한남은 지 애비한테 존나털리고 한녀는 옆에서 더 혼내달라고 ㅈㄹ함 3. 꼬라지 보면 그냥 존나 한심한 개 씹 퐁퐁이새끼 그 자체 필독! 도축론 원글 좌표: https://m.dcinside.com/board/neostock/2324493 한녀와의 결혼은 마지막에 먹은놈이 하는 설거지 한녀랑 586 딜러새끼들은 우리랑 같은 동료시민이 아니다 한녀와의 유사결혼 후 이혼하는 것은 도축당하는 것이다 씨발 이럴거면 결혼 왜 하노? 지 하고싶은것도 죄다 못하고 살고 글에는 안나와있지만 병신마냥 지가 번돈 밖에서 일도 안하는 기생충한테 갖다바치고 거기서 용돈받고 사는 삶이 좋냐? 존나 한심해서 기가찬다 병ㅡ신들ㅋㅋㅋㅋㅋㅋㅋㅋㅋㄱㄱㅋ 짐승도 지가 먹고싶은거 먹고 하고싶은거 하면서 사는데 인간이 씨발ㅋㅋㅋㅋㅋㅋㅋㅋ 짐승만도 못한 삶을 살고있노ㅋㅋㅋㅋㅋㅋ 한국년들은 만악의 근원이다 고로 모조리 멸종시키는게 답이다 절대 한국년들이랑 결혼하면 안된다 그러면 인생 반은 성공이다 인간의 탈을 쓴 마귀 한국년들은 고독사 유도가 답이다 한녀 개씹새끼들 갓성비: ""해줘""세대, 가스라이팅 ㅈ됨, 친자불일치 40퍼, 낙태 150만명, 스시녀보다 가슴작은 소슴소젖에 허리둘레 8cm 두꺼움, 한남 성병 5배, 스시녀 대비 성무고 500배, 결혼 시 3천 미만 들고옴, 전업주부 어린이집 이용률 개 씹높음, 대다수가 무쌍에 좆같이 생김, 원정성매매 세계 2위, 10000명 중 9999명이 꼴페미&페미에 묻어감, 군대 비하, 감사지수 수치 세계 최저통계, 물질만능주의, 우울지수 세계 최고 통계, 세계유일 출산후 산후조리원 입원, 성매매(유사 성매매 포함)를 해본 경험이 있다 63.4% 그저... 대단하다! K-줌마귀!!!",194,"""지기싫어 더 세게 나간"" <- 이거 한번이라도 보이는 순간 바로 관계 쫑냄",0,DC_new10_kw1.csv,misogyny,text,
KOREA,2021-10-24,beyourself,MLBPark,설거지,사회 설거지론... 여초 트위터 반응.... jpg,"뭐 어느정도 맞말도 있어보임 ㅋㅋ
그나이까지 여자 못만난건 본인이 매력없는것도 맞고
못생기고 남자로써의 매력없고 능력도 없는데 여성으로써의 매력이 많은 여자 만나려는것도 욕심이라는말도 맞고
추천
7
공유",7,트위터글들이 설거지론의 설득력을 약화시키기는 커녕 설거지론을 강화하고 있네요. ㅋㅋ,0,MLB_전체_KW1.csv,misogyny,title,
KOREA,2021-10-22,ㅇㅇ,DCinside,설거지,깜짝) 설거지론에 발작버튼 눌린 사람들 특.jpg,그건 바로 40대 ^퐁퐁단^ 이 븅신같은 40대들은 '설거지론' 그 자체인 존재라 설거지 당했으면서도 '내무부장관' ㅇㅈㄹ하면서 잡혀사는 븅신들임 ㅋㅋㅋㅋㅋㅋ 그럼 40대 ^퐁퐁단^들이 얼마나 역겨운지 알아보자 1) 스윗남 2) 꼴에 젊어보이고싶어서 지들끼리 븅신같은 단어 만듦 3) -찢- 코어 지지층 아.... 그저...... 역겹다 40대 ^퐁퐁단^!!,1917,ㄹㅇ ㅋㅋㅋㅋㅋ 결혼하지마 이거 드립이라면서 유쾌한척 오지던 분들이,0,DC_new10_kw1.csv,misogyny,title,
KOREA,2021-10-21,ㅇㅇ (59.9),DCinside,설거지,설거지론은 조선 출산율에 쐐기를 박아버림.jpg,이제 모두가 다 깨달아버려서 끝장남ㅋㅋㅋㅋㅋㅋㅋ - dc official App,1286,같은 조건이라고 말했잖아 이 난독증 애미뒤진 씨발련아 좀,0,DC_new10_kw1.csv,misogyny,title,
KOREA,2020-12-26,스나이퍼갑 (221.157),DCinside,설거지,맘충 근황 ㅗㅜㅑ jpg,씨발련들 어쩌라는거노 한녀와의 결혼은 남이버린 설거지를 대신 하는것 - dc official App,2517,"ㄴ""어린이 헌터""",0,DC_new9_kw1.csv,misogyny,text,
KOREA,2021-10-28,ㅇㅇ (223.39),DCinside,설거지,설거지론에 관통당해버린 리섭 근황......jpg,https://www.youtube.com/watch?v=ohscLFh-f90 왜 아내얘기를 하고있노.. 퐁섭게이야...,1976,ㄹㅇㅋㅋ,0,DC_new10_kw1.csv,misogyny,title,
KOREA,2020-12-11,스나이퍼갑 (221.157),DCinside,설거지,월35만...스시녀..반찬... ㅗㅜㅑ...jpg,스시녀는 하늘에서 내려온 천사다 한녀와의 결혼은 남이버린 설거지를 대신 하는것 - dc official App,2243,맞벌이라면 밥 안차려도 상관없는데 전업이면 저정도는 해줘야지ㅋㅋㅋ,0,DC_new9_kw1.csv,misogyny,text,
KOREA,2021-10-25,ㅇㅇ (61.75),DCinside,설거지,설거지론 만든 씨발새끼야 내 인생 어떻게 할거야,"고3이다 수능이 20가량 남은 고3 그동안 공부 운동 음악까지 모두 열심히 살아왔다 잘생겼다는 얘기도 들어보고 음악으로 무대에도 서보고 복싱으로도 나름 인정받고 살아왔다고 모의고사 전교1등은 당연하고 전국 2000등도 해봤다 고려대 최상위 학과는 이제 최저만 맞추면 합격이다 공군사관학교도 이틀 공부하니 붙었다 그런데 키가 163이라는 이유하나로 내 모든 인생은 진짜 끝인거냐 나 말도 잘하고 드립도 재밌는 편이다 나름 학교에서 인싸고 놀땐 잘 노는 그런 학생이란말이다 씨발 근데 난 정말 남자로 그 누구에게도 진정어린 사랑을 받지못하는거냐? 진짜로 그런거냐고 묻는거다 만약에 맞다고하면 진짜 모든걸 포기하겠다 내가 키가 작아서 울던 엄마, 그리고 한숨만 쉬던 아빠에게도 해줄말이 없다 진짜 나는 더이상 무엇을 해도 바뀔 수 없냐 제발 제발 너무 힘들다 내 모든 인생을 투자했고 이미 나는 대부분의 것을 이뤘다 공군 장교도 sky대학생도 수저의 색깔도... 한가지도 못하는것이 없도록 노력했다 그 어느것하나 부족하지 않기 위해 살았다 근데 그 모든게 다 허상이냐 대답해봐 씨발새끼들아 난 이제 뭘 해야하냐고 - dc official App",7,"난 내가 결혼을 못할 가능성은 없다고 본다..
솔직히 창녀라도 결혼하겠다고 마음먹으면 할 수 있을듯
근데 난 그게 싫고 무엇보다 내가 평생해온 노력이 그저 아무것도 안한 내 주변 친구들보다 못하다는것과 평생 날 진심으로 사랑해줄 사람이 없다는거 이게 너무 받아들이기 힘들다...
난 이제 뭘 하며 살아야할까...  - dc App",0,DC_new10_kw1.csv,misogyny,title,
KOREA,2021-08-17,스나이퍼갑 (222.114),DCinside,설거지,선물 사주고도 한녀한테 욕만 개쳐먹은 한남,요약: 한남이 전참시 보다가 라벨 프린트기가 이쁘다고 한녀한테 사줬다고 이딴걸 왜 사주냐고 괜히 욕만 쳐먹고 선물은 사람 취향에 맞춰서 사주는게 정상 아니냐는 소리까지 들음ㅋㅋㅋㅋㅋㅋ 한녀와의 결혼은 뭐다? 마지막에 먹은놈이 하는 설거지다^^ 진짜 한녀들은 다 저렇게 감사한 마음을 가질줄을 모르는건가? 병ㅡ신같은 한녀 금수새끼들이 피까지 찍찍 지려대노 ㅉㅉ 한녀들 표독스러움과 속물인건 ㄹㅇ 세계제일인듯ㅋㅋ 남친게이야 방생은 절대 안된다 이기야! 니가 선택한 한녀니까 악으로 깡으로 버텨서 결혼까지 골인해서 설거지 가즈아ㅏㅏㅏㅏㅏ 그저... 대단하다! K-선지공장!!!,713,필요없는데 왜사주는지 이해는 안가지만 저렇게 싸가지없게 말할것도 아니긴 한데 인성 ㅎㅌㅊ인듯.  - dc App,0,DC_new10_kw1.csv,misogyny,text,
KOREA,2021-10-28,ㅇㅇ (211.36),DCinside,설거지,●설거지론의 문제가 뭔줄 아냐? .......TXT,애초에 남자들은 설거지를 조건으로 결혼을 했다는거야 남자들이 데이트 비용 더 내고 남자들이 집값 다해가고 남자들이 돈벌어오고 이런게 불합리하다는거 몰랐던 애들 있었냐? 원래 다 알았잖아? 왜 이제와서 깨달은척이야 다들 ? 알았잖아? 근데 저 조건이 안되면 여자들하고 협상이 안되니까 울며겨자먹기로 순응하고 돈과 책임을 대가로 여자들의 몸을 등가교환해서 얻은거잖아 내 말 틀렸냐? 그래그래 설거지론 논리 자체는 다 맞아 남자가 손해지 근데 뭐 어쩔꺼야 설거지안하고 여자랑 뭐 어떻게 협상할건데? 뭐 확실한 무기가 있긴하냐?? 지금 이순간에도 도시의 남자들은 어떻게든 보빨을 하고 돈과 마음을 바치면서 여자들을 달래주고 있는데 지금 지들이 설거지 설거지 외친다고 대체 무엇이 달라지냐 이 소리야 - dc official App,1,그게 당연하게 여겨지는걸 이제야 설거지 라고 욕하는건데,0,DC_new10_kw1.csv,misogyny,title,
KOREA,2021-09-10,스나이퍼갑 (223.38),DCinside,설거지,소개팅남이 아반떼 끌고왔다고 ㅌㅌ하고 싶었다는 한녀,남자 29살이면 칼취업으로 가정해도 대학 4년+군대 2년 땜에 사회생활 시작한지 끽해야 3년인데 금은수저 아닌 이상 아반떼 끌고 다니는게 당연한거 아님? 지는 군대도 안가고 사회생활 일찍 시작했으면서 경차 한대도 없는 주제에ㅋㅋㅋㅋㅋㅋㅋㅋ 아 명품 사제끼고 인스타에 해외여행 먹방한거 자랑글 올려댄것 땜에 돈이 거덜나서 차 한대 못산건가? 응 병신년아 명품 사지마 씨발 돼지 목에 진주목걸이 건다고 그 돼지새끼가 이쁘겠냐? 너같은 년은 안봐도 딱이지 운전하면 무적권 김여사 견적 보이노 하여간 ㅉㅉ 이래서 한녀와의 결혼은 마지막에 먹은놈이 하는 설거지라고 하는거다ㅋㅋㅋㅋㅋㅋㅋㅋㅋㅋㅋㄱㅋㅋ 남자가 차 없거나 별로라고 욕할려면 최소한 지는 남자보다 윗급 차는 가지고서 지랄하는게 수지타산에 맞지않나? 그저... 대단하다! K-한녀!!!,692,팩트) 아반떼N. 그렌져 가격으로 출시함 ㅋㅋㅋㅋ,0,DC_new10_kw1.csv,misogyny,text,
KOREA,2021-10-23,ㅇㅇ (116.35),DCinside,설거지,17살이 되는 포부를 밝히는 갓본 국민여동생.......JPG,옆나라에서 생물학적으로만 여자인 것들이 한남충이니 군캉스니 뭐니 하는 동안 페미 청정국가 여고생들은 잘 자라고 있노.. 설거지론으로 불타는 것도 좋지만 가끔 스시 로린이 보고 정화하고 가라고 올림 밑에는 1년전 짤,654,"요구하는게 아니라 여자들 스스로 어필하려고 하는거임 병신년아 ㅋㅋ 한국년은 강요하는거고
일본 20대 여자 1억 모으기 유행할때 한국년 욜로 ㅋㅋㅋㅋ",0,DC_new10_kw1.csv,misogyny,text,
KOREA,2021-10-23,코코 (223.33),DCinside,설거지,(주목) 설거지를 예방하자,"설거지를 예방하는 활동은 간단하다, 20대 초반 커플들이 인스타에 업로드하는 연애사진 (외박, 여행, 포옹, 키스) 을 캡처해서 모아두고 최소 5년 이상 존버후 여자가 진짜 결혼할 남자에게, 결혼식 전날 디엠으로 그 모든 사진들을 보내주는 것이다. 자신의 연애사진을 sns에 올릴 여자라면, 결혼소식도 밝힐 것이 뻔하기 때문에 누구랑 결혼할지 쉽게 알 수 있다. 추천좀박아줘라 - dc official App",0,,0,DC_new10_kw1.csv,misogyny,title,
KOREA,2021-10-24,ㅇㅇ (124.80),DCinside,설거지,무려 약 20년전 설거지론 관점에서 만든 한국영화,<20년 전에도 인기만점 순진 공대남> <결혼직전 주인공이랑 신나게 ㅍㅍㅅㅅ후> <의사신랑 설거지엔딩> <취집 얘기> <또다시 ㅍㅍㅅㅅ후> 보면서 느낀건 제목과 달리 결혼의 힘든점만을 늘어놓은 영화인줄 알었는데 ㄹㅇ 설거지론에 관점에서 현실적으로 다룬 영화였음 하..씨발 하......! 퐁퐁이형!!,1568,그래도 밥은 차려주네......,0,DC_new10_kw1.csv,misogyny,title,
KOREA,2021-10-25,ㅇㅇ,DCinside,설거지,깜짝) 최근 야갤에 불어온 변화.jpg,예전에는 야갤에서 자주 보였던 -찢- 뽑자는 글 근데 '설거지론'이 퍼진 이후에 야갤에 놀랍게도 ^찢^ 바이럴이 사라져버렸다 왤까?? 야갤에 꾸득꾸득 기어들어와서 밭갈이 하는 40대 대깨문 대깨찢들이 '설거지론'이 본인얘기인걸 알았기 때문 ㅋㅋㅋㅋㅋㅋㅋㅋㅋㅋㅋㅋㅋㅋ 곱씹어볼수록 내얘기 하는거 같은데??? 해서 기분 나쁜데 퐁퐁단 짤들이 만들어지니까 진짜 좆같아져서 빤스런 해버렸음 ㅋㅋㅋㅋㅋㅋㅋㅋㅋㅋㅋㅋㅋ 그래도 꾸득꾸득 기어들어온 ^찢^빠한테는 앞으로는 설거지콘으로 응대해주자 ^^,2513,이거보고 이재명 뽑는다  - dc App,0,DC_new10_kw1.csv,misogyny,text,
KOREA,2021-10-24,스나이퍼갑@-m (211.197),DCinside,설거지,한녀와의 결혼생활...,한녀와의 결혼은 뭐다? 마지막에 먹은놈이 하는 설거지다^^ 이 병신들아 설거지론 저거 내가 늘 말한 내용 아니냐ㅋㅋㅋㅋ 이제부터라도 정신차리고 한녀랑은 결혼 해주지 마라 저게 씨발 노예지 뭐냐 저럴거면 왜 사냐 ㄹㅇ로ㅋㅋㅋㅋㅋㅋㅋ 내가 저 생체 식기세척기였으면 바로 운지임 그저... 역겹다! K-매매혼!!!,893,모든 커뮤들을 대통합시킨 한남대통령 스나좌 ㅋㅋㅋㅋㅋㅋㅋㅋㅋㅋㅋㅋㅋㅋㅋㅋㅋㅋㅋㅋㅋㅋㅋㅋㅋㅋㅋㅋㅋㅋㅋㅋㅋㅋㅋㅋㅋㅋㅋ,0,DC_new10_kw1.csv,misogyny,text,
KOREA,2021-10-24,ㅇㅇ (124.59),DCinside,설거지,깜짝...유사퐁퐁단 개념글에서 전멸...강점기종료...jpg,설거지대란전...어느때와 같이 좆이돌 빠는 유사퐁퐁단 좆목으로 얼룩져있는 개념글 상태... 그러다 설거지대란 터지고나자... 윾동이 야갤의 중심을 지키고 있어요 좆이돌충 강점기 종료! 소속사 사장 한남 좆이돌 재벌2세 책상 밑에서 노동하다가 만만한 찐따 잡아서 설거지 할 한녀들 빨아 제끼는 유사설거지짓 하는 좆이돌충들 제발저려서 버로우 탔으니 다시 오지마라,871,좆이돌 새끼들 안봐서 너무 좋노,0,DC_new10_kw1.csv,misogyny,text,
KOREA,2021-10-26,ㅇㅇ (121.163),DCinside,설거지,설거지론 반박하던 리섭아내 인스타..,남편은 온데간데 없는...그럼 리섭의 인스타는? 아 ㅋㅋㅋ 아내 관련 게시물 뿐ㅋㅋㅋ 아 씨발 퐁퐁이형!!,1567,리섭게이는 지금 한 2단계에서 3단계 사이정도 될듯,0,DC_new10_kw1.csv,misogyny,title,
KOREA,2022-02-23,Adidas,DCinside,설거지,장문)) 지잡대 에타...걸레 레전드 ㄹㅇ...jpg,와.. 이런 년을 설거지할 퐁퐁남이 불쌍하다 ㄹㅇ...,1517,ㅈㄹ 이쁜듯 ㅋㅋㅋㅋ,0,DC_new10_kw1.csv,misogyny,text,
KOREA,2021-10-26,ㅇㅇ (175.114),DCinside,설거지,씨발 ㅋㅋㅋㅋㅋㅋㅋ 보배드림 설거지론 반응 떴다 ㅋㅋㅋ,"""이런 게 퐁퐁남인가...? 근데 내가 행복한디 어쩔텨 ^^ "" 우욱 십 ㅋㅋㅋㅋㅋ",1631,와이프 젊은남자랑 ㅍㅍㅅㅅ중 ㅋㅋㅋㅋㅋㅋ - dc App,0,DC_new10_kw1.csv,misogyny,title,
KOREA,2021-10-24,Unknown,FMkorea,설거지,계엄령 선포합니다. 설거지 무차별 폭격,"이 시간부로 ""설거지론"" 논쟁하는 작성자 댓글은 밭갈이로 추정 무차별 비추폭격 들어갑니다.
지금 최종투표 2주도 안남은 총력전, 비상시국임을 알려드립니다.
계엄령선포는 어제부로 통과된 법안에 따라 이 개망이 단독으로 처리합니다. 이상.",6,"금대
찾아보니 알겠네요. 비추까지는 좀.",0,FM정치_kw1.csv,misogyny,text,
KOREA,2021-08-09,스나이퍼갑 (222.114),DCinside,설거지,친정에 모은 돈 다 드린다는 예비신부와 파혼한 한남,요약: 좆별과제 때 한녀의 인성을 알아봤음에도 베트남 여행에서 우연히 봤다는 이유로 떡도 치고 말도 타고해서 결혼까지 생각하게 된 한남이 결국 돈문제 때문에 한녀를 방생함 ㅉㅉ 이 ㅆㅂ 저걸 왜 방생하노? 베트남에서 우연히 만날 정도라면 그야말로 데스티니 그 자체인데 설거지를 마다하노ㅋㅋ 지가 선택한 한녀라면 악으로 깡으로 버텨서 백년해로 하는게 맞는데 ㅉㅉ 아니 근데 한녀들은 왜 결혼 전에 세상에 다시없을 효녀 코스프레를 하는거임? 진짜 글 다 읽어보면 저 한녀 집안에서 근본이라는걸 찾아볼 수가 없다 한녀와의 결혼은 뭐다? 마지막에 먹은놈이 하는 설거지다^^ 그저... 대단하다! K-한녀!,573,P,0,DC_new10_kw1.csv,misogyny,text,
KOREA,2021-11-26,ㅇㅇ (222.103),DCinside,설거지,거꾸로 읽는 문명사(장문주의/3줄요약있음),"거꾸로 읽는 문명사: 문명과 남성 그리고 여성 존나 장문이다. 요약은 맨 밑에 있다. 근데 읽어보면 재밌을 거야. 개추 부탁한다. 시작할게. 인류에게 문명이란게 시작한 지는 5천년 정도로 추정한다. 학설에 따라 6천년 7천년도 가지만 보수적으로 잡아서 5천년으로 치자. 즉 기원전 3천년부터 지금까지 5천년 정도인 거다. 청동기니 도시국가의 출현이니 복잡화된 계층화 사회의 시작이니 이런거 말이야. 근데 현생 인류인 호모 사피엔스는 대충 기원전 30만년 전부터 시작되었다고 하거든? 그 때 호모 사피엔스 화석이 발견되었대(이게 종전 기록보다 10만년이나 앞선다더라). 그럼 뭐야? 나머지 29만5천년 동안은 뭐하다가 최근 5천년 동안에야 문명을 발달시켜서 지금에 이르렀을까? 누군가는 인류에게 초고대문명이 있었고, 그 문명이 붕괴하고 긴 암흑기를 거친 후에 지금이 문명 시즌2라고도 말한다. 뭐 그럴싸하기도 하지. 30만년이잖아? 자그마치 30만년이라고! 문명시대는 그 중 5천년이고! 지금 이전에 잊혀진 시즌1이 있었을 거라고 생각할 수도 있지! 그럴싸하다고. 근데 난 이번엔 좀 다른 이야기를 해보려고 한다. 모두들 모계사회론을 들어본 적이 있을 거야. 원시공동체에서는 혼인제도가 없어서, 아이의 어머니는 알지만 아버지는 알 수 없기 때문에 원시인류의 사회는 어머니를 중심으로 한, 여성을 중심으로 한 모계사회였는데 그게 문명의 발달로 인해 부계사회로 바뀌었다는 이론 말이야. 뭐 이 모계사회론에 대한 반론도 있지만 이 글에서는 모계사회론을 사실로 전제하고 이야기를 진행해 보자고. 분명 30만년 전의 화석인 호모 사피엔스와 우리는 같은 생물학적 종이야. 진화생물학적으로 다른 종이 아니란 말이야. 그러니까 호모 에렉투스 같이 다른 종이 아니라고! 근데 그럼 왜 30만년 전에는 문명이 없었을까? 왜 그 긴 29만 5천년 동안은 문명이 없었을까? 그래. 눈치 빠른 게이들은 이미 내가 하려는 말을 눈치챘겠지만 맞아. 바로 모계사회. 여성중심의 사회가 문명의 시작과 발전을 늦춰 온 거라고 생각한다! 이 말이야! 지금도 페미니즘을 보면 진짜 반문명적이고 반달리즘적인 모습을 보이잖아? 남자가 만든 모든 것을 비난하면서 결국 문명 파괴적인 논리로 귀결되지. 페미니즘은 문명을 파괴하면서 동시에 소비함으로써 인류의 문명적 자산을 고갈시키는 행동을 하고 있다. 근데 30만년 전엔 그 여성주도가 사회의 기본값이었대. 모계사회! 왜 인류 문명이 이토록 늦게 출현했는지 납득이 되지 않냐? 왜 고대 문명에서 인류는 그토록 여성을 사회의 공적인 영역과 권력구조에서 철저히 배제했을까? 동서양을 막론하고 말이야! 지금의 페미니즘을 보면 납득이 되지 않니? 누군가는 “고대 문명은 근력이 필요하기 때문에 여성에게 불리해서 사회참여가 불리했다.”라고 주장하지. 들어봤지? 근데 거꾸로 생각을 해보자고. 거꾸로. 인류의 문명이란게 결국은 다 신체능력을 극복해 오는 과정이었거든? 인간은 야생의 초식 동물들보다 다리가 느려. 다른 육식동물들처럼 달리기해서 잡을 수 없지. 맨 몸으로는 다른 육식동물과 싸워서 먹이 경쟁을 할 수도 없어. 심지어 호모 사피엔스는 다른 친척 종인 유인원들에 비해서도 근육 무게당 근력이 약해. 근효율이 약하다는 말이지. 그래서 뭘했다? 돌을 주워다 깎고, 나무막대에 이어붙이고, 동물의 힘줄이나 식물의 줄기를 엮어서 줄을 만들었지. 그게 시작이었어. 문명의 산물이라고 할 수 있는 도구. 도구의 시작이었다고. 애초에 문명 자체가 인간이 힘이 딸리니까 적은 힘으로 더 큰 효율성을 만들기 위해 머리를 굴린 결과물이란 말이야! 근데 뭐? 고대 문명에는 힘 쓰는 부분이 많아서 여성에게 불리했어??? 여성이 남성보다 힘이 약하니까 더 먼저 머리를 굴려서 여성중심의 문명이 더 일찍 만들어졌어야 하는거 아니야??? 고대 여성 학자나 사상가가 없는 이유를 두고 교육 과정에서의 불평등 운운하지? 최초의 문명이 출현하기 전, 문명의 태동기 때는 뭐 여자들 가둬놓고 남자끼리만 외계인이 만든 학교 다닌 다음에 외계인 선생님이 가르쳐준대로 문명을 뚝딱뚝딱 만들었냐고~ 왜 최초의 문명을, 최초의 대가리 굴리기를 29만5천년 동안의 모계사회에서는 못했냐고~ 자, 그럼 또 반대로 이 글을 읽고 있는 여자들이나 혹은 비판적 독해를 잘 하는 게이들이 이쯤에서 하나 물어볼 수도 있어. “그럼 남자는? 남자는 왜 29만5천년 동안 모계사회의 지배를 받으면서 문명을 못 발달시킨건데???” 이럴 수 있지. 그러나 그 답도 이미 지금 우리 옆에 있어. 뭐냐고? “가스라이팅” 여자가 가장 잘 하는게 뭐지? “가스라이팅” 심지어 여자는 남자를 향해 남자가 가스라이팅을 하고 있다고 가스라이팅을 해. 뭔 말인지 이해해? 남자가 뭐라고 말을 하고 입을 열면 그거 자체를 가스라이팅으로 규정하는 가스라이팅을 한다고! 여자가 남자보다 잘 하는게 3가지가 있는데 하나는 가스라이팅이고(거짓 눈물도 포함) 다른 하나는 성별 단결력이야. 여자는 여자끼리 있을 때는 남자들이 남자끼리 있을 때보다 더 갈기갈기 찢어져서 분열하지만 여자와 남자가 함께 있을 때는 무슨 비밀결사대라도 되는 듯이 단결하지. 그리고 마지막 하나는 바로 마음에 들지 않는 상대와 성관계 가지기야. 그니까 매춘(성매매) 말이야. 가스라이팅! 성담합! 원시매춘! 이 세 가지로 모계사회를 구축한 여성들은 남성을 지배하고 남성의 창의력을 말살하고 남성의 지적 능력을 억압했으며 남성의 도전 정신, 호기심, 지적 추구, 지혜의 연속성을 방해해왔어! 왜냐고? 여성은 따라할 수 없는 무기를 남성이 쥐는 것 같아 불안했으니까! 그럼 여성들은 문명도 없이 29만5천년을 불편해서 어떻게 견뎌왔냐고? 이런 질문하는 놈은 아직도 대가리가 덜 깨진 놈이다. 병신아! 지금도 산재사망! 순직사망! 이런거 봐봐라! 뭘 어떻게 견뎌 견디길! 당연히 남자를 소비하면서지! 여자는 아무 문제가 없었다! 매머드 상아에 꿰뚫려 뒤지는 건 남자였으니까! 사슴 한 마리 잡아서 짊어지고 오다가 늑대 무리에게 포위되어 뒤지는 건 남자였으니까! 동굴 안으로 스밀로돈이 그 긴 송곳니를 드러내며 들어오면 여자가 도망칠 수 있도록 싸우다가 뒤지는 건 남자였으니까! 비 온 뒤 물이 불어난 강을 건널 때 수심을 확인하려다가 빠져 뒤지는 건 남자였으니까! 다른 인간 부족과 만나서 싸우게 되더라도 그 싸움에서 뒤질 건 남자였으니까! 여자가 남자를 지배하는 건 아주 쉽지! 여자들끼리 성 담합을 하고 일관된 가스라이팅을 하며, 그와 동시에 적절하게 가치가 떨어지지 않는 수준으로 완급조절 잘 해서 대주기만 하면! 남자는 그 삼박자 속에 갇혀서 병사가 되니까! 기꺼이 전사로써 사냥꾼으로써 안전요원으로써 소비되니까! 여자 입장에서는 문명이 굳이 필요하지가 않지. 너무나 당연히 말이야. 난 안 죽고 대신 죽는 놈은 따로있는데 뭣하러 머리를 굴려? 심지어 우리는 그 동안 여자들이 얼마나 자신의 성적 가치를 관리해왔는 지 봤잖아? 값 떨어질까 무서워서 리얼돌 막고, 성상품화니 성적 대상화니 욕을 쳐하며 사회적 분위기를 주도하면서도 동시에 누구보다 자신을 상품화하고 자신의 성적 가치를 이용해 물질적 이득을 챙기는 것에 철저하고 주저함이 없는 걸! 이익만 있다면 여자들은 마음에 없는 남자와의 성관계도 기꺼이 해낸다는 것을! 문명 이전의 원시 인류도 비슷했어. 그러다가 어느날 어떤 남자 하나가 깨달은 거야. 뭘? 지금의 설거지론 비슷한 걸 말이야. “아니 ㅅㅂ 가만 생각해보니까 애가 내 새끼인 줄도 모르겠고 이 놈 저 놈 다 대주는 년인데 왜 내가 저 년들을 위해 목숨을 바쳐야 하자?” 그러나 언제나 선각자는 힘들었지. 그런 소리를 하면 당연히 여혐으로, 반모계사회적 인물로 낙인이 찍혀서 모계사회에서 쫓겨나는 거지. 당시에는 남자들끼리만 뭉칠 남초 커뮤니티 이런 것도 없었으니까 더 힘들었지. 방음도 안 되는 동굴에서 옆에 있는 다른 남자한테 그 소리를 했다고 생각해봐. 그걸 동굴 안에 같이 있는 여자들이 못 들었을까? 그렇게 수 많은 선각자들을 앞세워 보내놓고 나서야 많은 남자들이 깨달은 거야. “원시시대 설거지론”을 말이야. 이게 바로 “문명론”인거야. “우리에게는 새로운 ‘질서’가 필요하다!” “우리는 내 자식이 내 자식이 맞다는 보증과 확신이 필요하다!” “무리 내 구성원은 구분되어야 하며, 각자 역할 구분이 필요하다!” “남자는 온갖 위험에 노출되어 있다! 남자의 생명을 지키기 위한 수단이 필요하다!” 그렇게 지난 29만5천년의 원시페미니즘사회를 박살내는 문명혁명이 발생한 거지. 그게 겨우 5천년이야. 어때? 이제 왜 그 길고 긴 시간 동안 현생 인류 호모 사피엔스는 문명을 만들지 못하다가 겨우 5천년 전에야 만들기 시작했는데 그게 또 동서양을 막론하고 남자에 의해 만들어진 남성중심문명인지 이제 좀 느낌이 오냐? 애초에 여성이 문명의 등장을 가로막고 있었던 거야! 자기들은 남자의 목숨을 소비하면서 연명하는 주제에! 문명은 그 자체로 남성해방운동이었던 거고! 근데 현대의 인류는 조상들이 쟁취한 남성해방의 문명사를 망각한 채 다시금 그 길고 긴 암흑기로 돌아가려는 움직임을 보인다. 페미니즘이라니~? 이건 정말 중요한 문제야! 이러다가 다시 29만5천년을 문명이 사라진 암흑시대로 보낸다고! 중세 암흑기는 우스울 정도의 암흑시대 말이야! 페미니즘을 박살내자! 그게 문명을 지키는 길이다! 위대한 선조 남자들이 피 흘려 만든 문명을 지키고 남성해방 사회를 지키자! 그게 미래를 지키고 문명을 이어가는 길이다! 재밌게 읽었으면 개추 바란다. 요약 1. 현생 인류사 30만년 중에 문명시대가 5천년인 이유는 모계사회로 인해 문명 등장이 방해받았기 때문이다. 2. 여성은 특유의 성 담합, 가스라이팅, 원시매춘 삼박자로 남성을 소비하며 살았기에 문명의 필요가 남성보다 낮았다. 3. 페미니즘이 이기면 우리는 다시 지난 29만5천년의 암흑시대로 되돌아 가는 것이다.",330,그래야 더 많은 한국남성 호구남성 나아가 전세계남성들이 니년을 가스라이팅을 깨닫고 폐미박멸을 위한 기치 아래로 총단결하게 되겠지 ㅇㅇ,0,DC_new10_kw1.csv,misogyny,text,
KOREA,2021-10-22,ㅇㅇ (59.30),DCinside,설거지,설거지론의 본질은 과거가 어땠냐가 문제가 아님,과거에 얼마나 많은 이성과 난잡하게 즐겼나? 어디까지 해봤나? 이게 문제가 아니라는 거임 그럼 뭐가 문제냐 현재 가정에 충실하지 않는다는게 문제임 그러니까 1. 과거에 100명의 남자와 잤고 원나잇매니아였지만 현재 남편을 사랑하고 아이들을 잘돌본다 - 문제없음 2. 과거에 10명 정도의 애인이 있었고 아직도 그 남자들의 망령에 사로잡혀 지금 남편과 가정에 제대로안한다 - 이게문제인거임 2번이 문제인거다 1번은 사람에 따라 문제삼기도하겠지만 솔직히 설거지론의 취지로보면 1번이 문제가아니라 2번이 문제임,11,뭐래 처녀 아니면 다 개걸레야 ㅋㅋㅋㅋㅋㅋ,0,DC_new10_kw1.csv,misogyny,title,
KOREA,2021-10-26,ㅇㅇ (58.228),DCinside,설거지,설거지론=처녀론이라고 생각하는 사람 들어와보셈,그럼 백수 남자랑 후다 여자 의사랑 결혼해도 남자가 설거지 당한거?,0,남자가 처녀막 수술인걸 알게된 순간 그 남자한테도 자기 결혼이 설거지 결혼이 되는거고 평생 모르고 살면 그 남자한테는 처녀랑 결혼한 일반결혼이겠네,0,DC_new10_kw1.csv,misogyny,title,
KOREA,2021-07-27,광주는복덩이야.,DCinside,설거지,한녀... 친자확인 레전드 ㄷㄷ,"와 ㅋㅋ.... 지가 몸 함부로 굴려놓고 유책배우자인 주제에 남편 재산 뜯어낼 궁리 하는거보소ㅋㅋㅋㅋㅋㅋ 또 남편 여동생 조질 방법까지 생각하는거 보니 진짜 표독스러움 그 자체노ㅋㅋㅋㅋㅋㅋㅋㅋㅋㅋㅋ 이래서 한녀와의 결혼은 뭐다? 마지막에 먹은놈이 하는 설거지다^^ 몸 막굴려서 딴놈 애 낳은 한녀와 이걸 사회로 방생하는 한남.. ㄷㄷ 그저... 대단하다! K-한녀! , K-한남!",952,무의식중에 ㅋㅋㅋㅋㅋㅋ,0,DC_new10_kw1.csv,misogyny,text,
KOREA,2021-10-24,Adidas,DCinside,설거지,설거지론 관련주...반등 시작 ㄹㅇ...jpg,서울대 에타에 올라온 글 실제로 친자확인 키트 관련주 계속 하락하다가 22일 설거지론 불타자마자 반등 시작함 ㄹㅇ... 설거지론 파급력이 엄청나긴 한듯 ㄷㄷㄷㄷ,942,작전주 ㅅㅂ ㅋㅋㅋㅋㅋㅋㅋㅋㅋㅋㅋㅋㅋㅋ,0,DC_new10_kw1.csv,misogyny,title,
KOREA,2021-10-27,ㅇㅇ (220.88),DCinside,설거지,짤요청 설거지론 고양이짤 두개 좀 부탁한다,ㅇㅇ 그 송장마냥 박히는 짤이랑 대비되는 고양이짤 - dc official App,0,,0,DC_new10_kw1.csv,misogyny,title,
KOREA,2022-01-09,스나이퍼갑 (211.197),DCinside,설거지,시짜짓하다 남동생한테 손절당한 한녀,요약은 이 짤로 한다 전글 ㅆㅂ 삭제됐는지 찾아볼 수가 없노 선처 앙망한다 게이들아 한녀와의 결혼은 마지막에 먹은놈이 하는 설거지다^^ 애미 포함 한녀충들 5마리 사이에서 자라왔으면 한녀가 병신인걸 본인보다 더 잘 알고도 남을 한녀학 정교수급일건데 ㅆㅂ 결혼을 쳐 한다고? 둘중에 하나다 상대가 ㅆㅂ 정말 탈한녀급으로 참한 처자거나 아님 그냥 뷰ㅈ에 미친놈이거나ㅋㄱㄱㅋㅋㅋㅋㅋㅋㅋㅋㅋㅋㄱㅋㅋ 과연 저 4마리가 낙ㅌ로 날린 유충이 몇마리일까? 난 최소 10 본다 ㄹㅇ로 이렇게 하나하나 언급하면서 팩폭하기 싫은 글은 사상 처음이다 ㅅㅂ 까야할게 존나많아서 ㅆㅂ 손만 아플것같음 굳이 한가지 언급하자면 되는데로 갚으라는 말을 ㅆㅂ 어떤새끼가 기간 상관없이 갚으라는 말로 받아들이노ㅋㅋㅋㅋㅋㅋㅋㅋㅋ 그저... 지랄났다! K-유충싸개!!!,266,요약이라는 댓글자체가 이여자 저여자 여친 동생 남동생 하니 ㅅㅂ 못알아먹겠다,0,DC_new10_kw1.csv,misogyny,text,
KOREA,2021-10-24,ㅇㅇ (49.172),DCinside,설거지,솔직히 일부다처제가 맞는 이유 ㅗㅜㅑ,"폭탄설치반이 폭탄을 해체 해야지 지나가던 사람보고 치우라는게 말이 되냐? 사랑이란 이제 존잘,인싸들의 전유물이 된거다 존못,찐따들이 뭔 사랑을함ㅋㅋ 결혼은 사랑하는 사람들끼리 해야지 때를 놓쳤다고 부랴부랴 하는 결혼이 결혼이냐ㅋㅋ 돈주고 신부 사오는 매매혼이지ㅋㅋ 자본주의에서 낙오 되면 끝이여 ㅋㅋ 승자독식이 자본주의구먼 안그래도 존못,찐따들이 설거지론 주장하니 잘 된거지 얘들한테 세금 걷어서 존잘,인싸남들 가정 지원 해주면 출산율 팍팍 올라서 사회붕괴도 막을 수 있다 그렇다고 찐따들이 돈모아서 쓸데가 있는것도 아니고 아니면 그깟 푼돈 모은다고 집을 살 수 있는것도 아니고ㅋㅋ 재산 넘치는 능력남들 빼고 딱 컷트러인 정해서 지원대상 구분하고 존못,찐따,모쏠남들은 본인들이 밀고 있는 설거지론이니 악으로 깡으로 버텨야지ㅋㅋ 어차피 찐따들은 일부일처인 지금도 여자 못만나는데 그럼 서로 원하는 사람끼리 만나게 해쥐야 하지 않겠냐 되려 마음에도 없는 사람하고 같이 사는거야 말로 인권탄압이 아닌가? 이젠 국가의 안녕을 위해 사회의 붕괴를 막기 위해 더는 설거지론 같은 이론이 나오지 않게 하기 위해 일부다처제 부활이 필요 할 때라 본다 나중에 인구 절반이 노인이 되면 일부다처제 하고 싶어도 못한다 우리에겐 시간이 없다 결단을 내려야한다 - dc official App",515,아니 시발 그거보다 성매매합법화가 답 아님??? 남자는 보지가필요하고 여자는 돈이 필요한건데 왜 결혼이란 불공정거래를 하냐 그냥 깔끔하게 돈주고 떡치고 끝내면되지,0,DC_new10_kw1.csv,misogyny,text,
KOREA,2021-10-24,Adidas,DCinside,설거지,현실에서 설거지론...얘기 안나오는 이유 ㄹㅇ...jpg,실제로 설거지 당한 사람이 너무 많아서 괜히 얘기 꺼냈다가 싸움날수 있다함 ㄹㅇ...,1865,"지구 40억년 역사상 최악의 생명체 

더 한녀",0,DC_new10_kw1.csv,misogyny,title,
KOREA,2022-02-13,스나이퍼갑 (211.197),DCinside,설거지,성병검사 받으러 비뇨기과에 방문한 커플,"요약 1. 커플이 성병검사 받으러 비뇨기과 내원함 2. 한녀충은 도둑이 제발저린다고 한남 탓만 존나 하고 결과통보를 지만 받으려고 빌드업 침 3. 결국 결과통보 받았는데 한녀의 걸레짓으로 성병 도진거 ㅇㅇ 한녀와의 결혼은 마지막에 먹은놈이 하는 설거지 아오 ㅆㅂㅋㅋㅋㅋㅋㅋㅋㅋㅋㅋㅋㅋㅋㅋㅋㅋㄱㅋㅋㅋㅋ 여윽시 세계에서 유일무이한 남성보다 압도적인 성병 발병률 통계를 보유한 한국여자벌레 답다 이래도 한녀 못잃고 보ㅃ하는 놈들은 그건 그냥 한녀 냉이랑 애액 섭취 안하면 죽는 병이 있는거라고 봐도 무방하다 아무리 성욕이 끓어오르고 여자가 좋다지만 그게 건강보다 중요한건 아니잖아? 생각 잘해라 병신들아 괜히 한녀랑 잘못얽혀서 배탈나지 말고^^ ㅈ같은 한녀충 발밑에 무릎꿇고 개새끼처럼 싹싹 빌면서 두손모아서 피땀흘려 번 돈 수백 수천을 바치고 땅크성님께 앙망문 바친 김대중처럼 목숨구걸 하고싶노? 한녀 가성비: ""해줘""세대, 가스라이팅 ㅈ됨, 친자불일치 40퍼, 낙태 150만명, 스시녀보다 가슴작은 소슴소젖에 허리둘레 8cm 두꺼움, 한남 성병 5배, 스시녀 대비 성무고 500배, 결혼 시 3천 미만 들고옴, 전업주부 어린이집 이용률 개 씹높음, 대다수가 무쌍에 좆같이 생김, 원정성매매 세계 2위, 10000명 중 9999명이 꼴페미&페미에 묻어감, 군대 비하, 감사지수 수치 세계 최저통계, 물질만능주의, 우울지수 세계 최고 통계, 세계유일 출산후 산후조리원 입원 성매매(유사성매매 포함) 를 해본 경험이 있다 63.4% 모르면 그냥 쳐 외워 이 장애병신 빡대가리 ㅅㄲ들아 이게 한녀 개씹새끼들의 실체다 그저.. 더럽다! K-태아투석기!!!",1364,좆물변소 존나 드럽네 웩,0,DC_new10_kw1.csv,misogyny,text,
KOREA,2021-10-26,ㅇㅇ (211.36),DCinside,설거지,아니 진중권은 아내가 스시녀라니까? ㅋㅋㅋㅋㅋㅋ,뭔 설거지 ㅇㅈㄹ ㅋㅋ 하여튼 이대남들 억지 그만 부려라 ㅉㅉ,1,그게 중요하냐ㅋㅋㅋ,0,DC_new10_kw1.csv,misogyny,text,
KOREA,2022-01-09,스나이퍼갑 (211.197),DCinside,설거지,뭐든지 반반을 주장하면서 돈벌이는 유일하게 반반을 주장하지 않는 한녀들,"요약 1. 연봉: 남편- 8500만 아내-1500만 2. 집안일은 지가 다한다고 찡찡 찍찍거리는 한녀충 3. 판년들도 절레절레 개팩트)) 한녀들은 집안일, 육아, 시댁 처가 주는 용돈 '반반' 등 뭐든지 '반반'을 주장함 그런데 ㅆㅂ 돈 벌어오는 건 절대로 '반반벌이' 주장 안 함 그냥 '맞벌이' 임 개 ㅆㅂ 미친새끼들 ㅉㅉ 대부분의 “맞벌이” 가정들이 남편이 더 힘들고 빡세고 어려운일을 소득이 더 높아서 '반반벌이' 가 아님 남편이 훨씬 더 벌거든 근데 ㅆㅂ 그걸 인정하면 지들이 꿇리니까 이딴 개 좆논리로 한녀충들이 “(니가 더 벌지만) 우리는 맞벌이니까 집안일도 반반, 시댁 처가 용돈도 반반하자” 라는 애미뒤진 주장을 쳐 하는거임 지금부터 “맞벌이”라는 애미뒤진 단어 말고 공평하게 “반반벌이”라는 단어를 씀으로써 한녀들이 소득은 '맞벌이' 로 주장하고 집안일은 '반반' 주장하는 이딴 가스라이팅에 낚이지말자 한녀와의 결혼은 뭐라고? 마지막에 먹은놈이 하는 설거지다 이런데도 피나 찍찍 싸는 한녀 뷰ㅈ 못빨아서 안달인 한남충들은 그냥 갱생불가인 병신 장애 저능아 새끼들이니까 운지로 효도하자^^ 그게 처음이자 마지막으로 효도하는거다 이기 그저... 머단하다! K-찍찍이!!!",275,여시 언냐들 한녀식 기만 단번에 파악하고 숨도 못쉬게 패버리노 ㅋㅋ,0,DC_new10_kw1.csv,misogyny,text,
KOREA,2021-12-24,스나이퍼갑 (211.197),DCinside,설거지,퐁퐁이 차를 지 동생 주자는 한녀충,요약: 한남 차를 지 동생 안주면 집안일 좆까겠다고 선언하는 한녀벌레의 썰 이래서 한녀와의 결혼은 마지막에 먹은놈이 하는 설거지라는거다 한녀 병신같은 썰은 ㅆㅂ 존나 넘쳐나노 이게 k-한녀들의 실체다 니들 그거 아냐? 결혼못한 남자는 인생 실패한 병신이라는 말은 틀딱새끼들이랑 한녀충들이 고대로 이어받아서 하는 가스라이팅인거? 애초에 씨발 인간이랑 기생충이랑 결혼하는게 말이 안되지ㅋㅋ 정신차려라 병ㅡ신 흑우새끼들아 인생 날로먹으려는 한녀충들한테 괜히 인생 저당잡히지 말고 국결이든 독신이든 진짜 뭐든 좋으니까 한녀는 믿고 걸러라 애초에 ㅆㅂ ㅂ지달고 태어난 것 자체가 인생 씹 이지모드인데 비유하자면 그것도 제대로 클리어할 자신이 없어서 흑우 한남들한테 파티요청 해서 같이 클리어 하자고 하는 꼴이다 근데 ㅆㅂ 지는 암것도 안하고 쭈그리처럼 있어놓고는 한바퀴 다 돌고 마무리 정산할때 습득템들 지가 낼름낼름 다 쳐먹는 꼴인데 이런거 당하면 기분 좆같지 않겠냐? 생각 잘하자 븅ㅡ신들아 어차피 한녀는 거진 다 페미고 니들이 선택했거나 선택할 한녀들은 반드시 페미 아닐거라고 생각하는거 다 헛지랄이야 그냥 니들한테 설거지 시킬려고 가면쓰는거다 그저... 씨발 좆같다! K-시체싸개!!!,679,반품ㅋㅋㅋㅋㅋㅋㅋ,0,DC_new10_kw1.csv,misogyny,text,
KOREA,2021-09-04,스나이퍼갑 (121.140),DCinside,설거지,아들 여친이 취집한다 해서 파혼시킨 한녀,"3줄요약 1. 아들은 연봉 4천따리 좆뭔 여친은 연봉 5천따리 공기업 ㅇㅇ 2. 여친이 취집한다고 씨부렸고 알고보니 여친 애비놈도 백수길래 아들래미가 atm기로 전락하겠다 싶어서 걸러버림 3. 한녀충들이 욕으로 싸그리 도배함 한녀와의 결혼은 뭐다? 마지막에 먹은놈이 하는 설거지다^^ 항상 명심해라 야붕이들아ㅋㅋㅋㅋㅋㅋㅋㅋㅋㅋㅋㅋㅋㅋ 취집하겠다는 한녀도, 나이 50 넘게 쳐먹고 백수인 한녀 애비충도, 저런 기생충을 결혼할 여자라고 데려온 한남도, 젊었을 적에 지가 했던 짓을 판박으로 베낀답시고 한녀 걸러버린 한남 애미충도 죄다 병ㅡ신새끼들이노ㅋㅋㅋㅋㅋㅋㅋㅋㅋㅋㅋㅋㅋ 아오 ㅆㅂㅋㅋㅋㅋㅋㅋㅋㅋㅋㅋㅋㅋㅋㅋㅋㅋㅋㅋㅋㅋㄱ 이걸 방생한다고? 존나 천생연분인데 아깝노 이기 이 씨발놈년들아 니들이 선택한 반려인데 왜 악으로 깡으로 안버티냐? ㅉㅉㅉㅉㅉㅉㅉ 사위 전업에 시애비 백수면 지들도 파혼할거면서 진짜 이중잣다 내로남불 존나역겹노ㅋㅋ 이래서 한녀는 그냥 병ㅡ신이야 그저... 대단하다! K-선지공장!!!",715,간호사랑 중견기업이 급이 같냐? ㅋㅋ,0,DC_new10_kw1.csv,misogyny,text,
KOREA,2021-10-26,ㅇㅇ (175.212),DCinside,설거지,중권이형 설거지론 '말잇못' 기사 떳다ㅠㅠㅠㅠ,하.. x발 .하.. 퐁권이형!! 형인생이 왜 그 모양 그 꼴인지 알아? 일본 콘돔은... 하.. 아니다ㅠㅠㅠㅠ,1574,차라리 그랬으면...,0,DC_new10_kw1.csv,misogyny,title,
KOREA,2021-08-22,스나이퍼갑 (222.114),DCinside,설거지,남자가 서른살에 차없으면 병신이라고 가스라이팅 하는 한녀,요약: 동갑내기 여친이 남자 서른살에 차 없으면 병신이라고 지랄함 팩트: 남자는 군대 전역하고 머학 졸업해서 칼취업하면 26살이고 여자는 천룡인이라 군대 안가니까 칼취업하면 24살이라 동갑커플의 경우 여자가 남자보다 모은돈 적으면 그냥 병ㅡ신새끼임 지들이 사회생활 2년이나 더 빨리 시작할수 있으면서 지들보다 자리 늦게 잡을수밖에 없는 동갑내기 남자보고 차 없으면 병신이라고? 이래서 한녀와의 결혼은 마지막에 먹은놈이 하는 설거지가 맞다 남자가 차없는게 좆같으면 사회생활 일찍 시작할 수 있는 지가 차를 한대 마련하는게 맞는거지 병ㅡ신 한녀충 개걸레 갈보년아 지가 병신인걸 인정못하고 남자 가스라이팅 하는거보소 ㅉㅉ 소크라테스: 너 자신을 알라^^ 지 자신을 모르고 남자 가스라이팅만 하는 한녀... 그저.. 대단하다! K-선지공장!!!,433,지방충이면 가능  - dc App,0,DC_new10_kw1.csv,misogyny,text,
KOREA,2021-10-26,wjdtn,MLBPark,설거지,펌글 진중권이 설거지론보고 썼어야할글.jpg,".
추천
5
공유",5,중권토익 만점이오,0,MLB_전체_KW1.csv,misogyny,title,
KOREA,2021-10-25,ㅇㅇ (223.38),DCinside,설거지,설거지론.. 동탄 맘카페 반응..jpg,ㅋㅋㅋㅋ,1135,의도적으로 잘못 아는 척 하면서 선전선동 하는 거 무섭다 ㅋㅋ  여자들이 저런식으로 사람하나 조지는구나,0,DC_new10_kw1.csv,misogyny,title,
KOREA,2021-10-24,ㅇㅇ (175.113),DCinside,설거지,설거지론이 뭔데 그래서,ㅈㄱㄴ - dc official App,0,,0,DC_new10_kw1.csv,misogyny,title,
KOREA,2021-12-19,스나이퍼갑 (211.197),DCinside,설거지,어장관리 개 씹지리는 한녀충 ㄷㄷ,요약: 고딩때부터 한남 한마리 조련해서 온갖 갑질과 가스라이팅 한 김치년이 결국 한남 손절하고 퐁퐁남 찾아서 10개월만에 물어버림 한녀와의 결혼은 뭐다? 마지막에 먹은놈이 하는 설거지다^^ 난 저 한남새끼가 ㄹㅇ 개 병ㅡ신같음 뭐 저런 찐따 버러지 새끼가 다있노? 한심한 새끼 ㅉㅉ 한녀 ㅂㅈ에 미치면 인간이 저렇게까지 나락으로 떨어지는구나ㅋㅋ 저년도 백퍼 전남친 년 직업이 그닥이고 고생할거 같으니까 ㅅㅂ 다른 흑우 한남충으로 갈아타고 물어버린거다 장담한다 ㄹㅇ ㅆㅂ 만약 전남친이 전문직이었으면 과연 저 한녀충이 뻥 차버렸을까? 절대 아니라고 본다 오히려 하루 종일 침대에서 지 주둥아리 헐어버릴때까지 전남친 쥬지 물고 있었겠지ㅋㅋㅋㅋㅋㅋㅋㅋㅋ 더 웃긴건 남편이랑 ㅅㅅ할때 분명 전남친이나 딴남자 생각하면서 할거라는거임ㅋㅋㅋㅋㅋㅋㅋㅋㅋㅋㅋㅋㄱㄱㄱㅋㅋㅋㅋㅋ 그저... 대단하다! K-선지공장!!!,373,3년동안 남편이 해외 나가있는단다 3년동안 남편이 해외 나가있는단다3년동안 남편이 해외 나가있는단다 3년동안 남편이 해외 나가있는단다 3년동안 남편이 해외 나가있는단다 3년동안 남편이 해외 나가있는단다 ㅋㅋㅋㅋㅋㅋㅋ,0,DC_new10_kw1.csv,misogyny,text,
KOREA,2021-10-24,wolftrap,MLBPark,설거지,일상 문뜩 떠오른 퐁퐁단 실제 목격담,"대학에서 학회 같이하던
후배 중에 끼잘부리고 남자 좋아하는 걸로
유명한 애가 있었는데
한 3개월 전에 결혼한다고 청첩장 주면서
워낙 코로나 심할때라 가족끼리 한다고해서
다들 그러려니 하고 축의금 보내고 말았죠
그러다가 얼마전에 다른 친구 결혼식에서
친한 사람들끼리 같은 테이블에 모이게 됐습니다
근데 그 후배가 차에 뭔가 중요한걸 두고 왔나봐요
남편이 식중에 슬쩍 와서 뭘 주더라구요
후배:아 오빠 왜 올라왔어 밑에서 기다리라고 했잖아!!!
진짜 울그락불그락 극대노
남편:미안 이거 두고갔길래 (대충 카메라 같아 보임)
후배:아 쫌 진짜!!.....알았어 나 금방 갈꺼야
정적후
후배:우리 오빠가 어디어디 선임 연구원이고 어쩌고저쩌고
키도 작고 많이 못생긴 착한 아저씨 같은 분이었는데
내가 봐도 너무 불쌍했어요
그 아저씨는 걔가 그 테이블 남자들 중에
제가 아는 것만 저포함 최소 3명 한테
술먹고 자기 자취방 데려달라고
끼부려서 사단났던거 알고는 있나
하는 생각도 나고....
오늘 설거지 열풍에 혹시나 해서 오랜만에 카톡이랑
인스타 좀 봤더니 아직도 미혼인 줄ㅋㅋㅋ
추천
3
공유",3,와 실화인가요...슬프네여,0,MLB_전체_KW1.csv,misogyny,text,
KOREA,2021-10-26,ㅇㅇ (210.95),DCinside,설거지,설거지론 제대로 이해한 여초러 대답 떴다!!!,코건 남자가 야보죠 모쏠들도 알겠다 정답입니다. 모쏠들도 아는걸 모르는 퐁퐁단 형님들... 파란약은 얼마나 독한 것일까?,2560,ㅋㅋㅋㅋㅋㅋㅋㅋ,0,DC_new10_kw1.csv,misogyny,title,
KOREA,2021-10-28,ㅇㅇ (223.62),DCinside,설거지,스시녀 밥상기사에 발작하는 퐁탄 아줌마들.jpg,"현실부정중 +보너스 바로 아래 쌍수비교 팩트 (그성별이 스시녀 내려치는 흔한 주작념글) ●한국 쌍수건수 101,985건 ÷ 한국인구수 5182만 =인구 만명당 한해 19.68건 ●일본쌍수 건수 187326 ÷ 일본인구수 12605만=인구 만명당 한해 14.86건 기초수학도 모르는 그성별 딴에 나름 유리하다고 가져온 자료의 쌍수건수조차 ●한국이 일본보다 1.35배 더 많음 ㅋㅋ - + 오늘자 꿀잼기사 ㅋㅋ 김한남씨 설거지 당하기전 가까스로 탈출성공 - dc official App",1297,정말 두렵다 아무리 봐도 일부 정상적인 한녀를 찾는건 바보짓같다  - dc App,0,DC_new10_kw1.csv,misogyny,text,
KOREA,2021-10-24,Adidas,DCinside,설거지,현실에서 설거지론...얘기 안나오는 이유 ㄹㅇ...jpg,실제로 설거지 당한 사람이 너무 많아서 괜히 얘기 꺼냈다가 싸움날수 있다함 ㄹㅇ...,1865,지금 당장 설거지 결혼한 사람 5명은 떠오름,0,DC_new10_kw1.csv,misogyny,title,
KOREA,2021-10-25,ㅇㅇ (106.102),DCinside,설거지,설거지론 주갤 분석.. '외모환원주의' 입갤.jpg,"ㄹㅇ... 노력과 정성으로 사랑을 만들고 아름답게 가꿀 수 있다고 믿어왔는데 그게 다 거짓말이었고 그냥 외모가 전부였던거임. 여기서 고학력 공돌이들 에타, 블라에서 집단 멘붕 ㅅㅂ",1179,아니 씨발 ㅋㅋㅋㅋㅋㅋㅋㅋㅋㅋㅋㅋㅋ 얘들아 왜이렇게 핀트를 못잡냐.. 살면서 고백받아본적 한번도 없냐? 내가 존잘이여서 고백받은거냐?,0,DC_new10_kw1.csv,misogyny,title,
KOREA,2021-08-09,스나이퍼갑 (223.39),DCinside,설거지,남편이 성욕이 없다는 한녀,요약: 남편 만나고 10kg 찐 한녀가 남편이 지 안먹어준다고 징징대는 글 쌈ㅋㅋ 여러 게이들이 옛날 글 가져온다고 지적해서 쓸까말까 했는데 내용이 하도 웃겨서 가져와봤다ㅋㅋ 한녀와의 결혼은 뭐다? 마지막에 먹은놈이 하는 설거지다^^ 한녀들 체중 보통 잘 쳐줘서 52~55kg 정도로 아는데 거기에 10kg 더 찐거면 ㅅㅂㅋㅋㅋㅋㅋㅋㅋㅋㅋㅋ 65kg 좆돼지년이면 ㄹㅇ 발딱 섰다가도 다시 죽겠노ㅋㅋㅋㅋㅋㅋㅋㅋㅋㅋㅋㅋㅋㅋㅋ 어휴ㅋㅋㅋㅋㅋㅋㅋ 반찬좌 게이 팩폭 묵직하고 시원하노 이기 10kg나 쪄놓고 지 문제라고 생각안하고 남편을 무성욕자로 매도하는 한녀... 그저... 대단하다! K-한녀!,884,반찬좌 때문에 개추눌렀다 ㅋㅋ,0,DC_new10_kw1.csv,misogyny,text,
KOREA,2022-03-22,스나이퍼갑 (211.197),DCinside,설거지,감응유전에 대해서 알아보자!,"밑글 읽기 싫으면 이거만 읽어라 실험 내용: 곤충, 말 등으로 암컷을 여러 개체랑 차례대로 교미시켜서 실험한 결과 여러 개체의 특성들이 각각 발현된 부산물이 나옴 즉 자유연애 ㅇㅈㄹ 하는 한녀들도 강남의 금태양, 이태원의 마이클, LA의 제임스, 멜버른의 알렉한드로 등 여러 수컷들 정액을 받은 전력이 있기 때문에 한녀 설거지결혼 하면 간접 ntr에 퐁퐁남의 자녀한테 딴놈들의 특성이 다 섞여나온다는 것이다 인간도 동물이니까 저 실험을 유사과학 ㅇㅈㄹ 하면서 부정할 생각은 버려라 고로 한녀 설거지 열망하는 니새끼들 자녀는 한녀 짬통자궁 질주름에 껴있는 태양이의 정액 찌꺼기, 마이클의 쥬지털이랑 같이 미끄럼틀 타듯이 나온다 이거다 이기 한녀와의 결혼은 마지막에 먹은놈이 하는 설거지 한녀랑 586 딜러새끼들은 우리랑 같은 동료시민이 아니다 한녀와의 유사결혼 후 이혼하는 것은 도축당하는 것이다 한녀같은 더티&이지우먼을 모든걸 바쳐서 쟁취하고 싶노? 사실상 저정도면 그냥 공중변소 그 자체다 병신들아 낙태 150만명, 한남 대비 성병 5배, 친자불일치 40퍼, 원정매춘 세계 2위 이게 다 한녀들의 그랜드슬램이다 이기 고슴도치도 지 새끼는 예쁘다고 하는 말이 있듯이 부산물이라고 조롱받아도 니들한텐 목숨보다 소중할 아이인데 저런 더러운 곳에서 나온다고 생각하니 존나 끔찍하지 않노? 이놈 저놈 유전자 범벅된 잡종이라니.. ㅎㄷㄷ 그저 ... 더럽다 ! K- 사체미끄럼틀 !!!",631,요즘 스나갑 안보이는 이유가있음ㅇㅇ,0,DC_new10_kw1.csv,misogyny,text,
KOREA,2022-03-13,스나이퍼갑 (211.197),DCinside,설거지,여행하는 것 조차 한남한테 기생할려는 한녀,"요약 제주도 여행 온 한녀가 차있는 한남한테 기생충 마인드로 접근했다가 실패하니까 ""남자가 찌질하게"" 입갤함 한녀와의 결혼은 마지막에 먹은놈이 하는 설거지 한녀랑 586 딜러새끼들은 우리랑 같은 동료시민이 아니다 한녀와의 유사결혼 후 이혼하는 것은 도축당하는 것이다 진짜 개 버러지 금수년 ㅉㅉ 지 뜻대로 안되니까 찌질 ㅇㅈㄹ하노 하여간 한녀 개씹새끼들 마인드 애미뒤진건 알아줘야함 만약 동행했다가 조금이라도 심사 뒤틀리면 성추행으로 바로 무고할게 뻔한데 안태워주는게 정상이지 근데 팩트는 ㅂㅃ에 미친 한남충들 대다수가 저런 설거지 여행도 마다하지 않는다는거임 븅ㅡ신들ㅋㅋㅋㅋㅋㅋㅋㅋㅋㅋㄱㅋ 뭐든지 한남한테 기생할려고 발악하는 한녀들 나만 역겹냐? 그저... 역겹다! K-짬통자궁!!!",711,스나이퍼추,0,DC_new10_kw1.csv,misogyny,text,
KOREA,2021-10-23,ㅇㅇ (58.230),DCinside,설거지,설거지론 제일 꿀잼으로 보고 있을 새끼 ㄹㅇ ㅋㅋ,전 여친 결혼식에 참가한 새끼,1,,0,DC_new10_kw1.csv,misogyny,title,
KOREA,2021-10-23,ㅇㅇ (116.35),DCinside,설거지,17살이 되는 포부를 밝히는 갓본 국민여동생.......JPG,옆나라에서 생물학적으로만 여자인 것들이 한남충이니 군캉스니 뭐니 하는 동안 페미 청정국가 여고생들은 잘 자라고 있노.. 설거지론으로 불타는 것도 좋지만 가끔 스시 로린이 보고 정화하고 가라고 올림 밑에는 1년전 짤,654,표정에서 표독함 제로네 머 일본인은 속을 감추는게 능하니까,0,DC_new10_kw1.csv,misogyny,text,
KOREA,2021-10-24,평정왕,MLBPark,설거지,사회 설거지론에 발끈하지 않으려면,"경제권 돈 버는 사람이 각자 쥐고있으면 됨.
전업주부는 말그대로 전업으로 가사일 하고.
개 같이 벌어서 홀랑 그걸 타인에게 넘긴다?
대상이 누구든 그건 개호구라고 보면 됨
추천
0
공유",0,경제권 넘기는 놈들은 그냥 상.등.신 인증하는거죠,0,MLB_전체_KW1.csv,misogyny,title,
KOREA,2021-08-19,스나이퍼갑.. (222.114),DCinside,설거지,혈압주의) 여고의 흔한 성교육,ㅋㅋㅋㅋㅋㅋㅋㅋㅋㅋㅋㅋㅋㅋㅋㅋㄱㅋㅋㅋㅋㅋㅋㅋㅋㅋㅋㅋㅋㄱㅋㅋㅋㅋㅋㅋㅋㅋㅋㅋㅋㅋㅋㅋㄱㅋㅋㅋㅋㅋㅋㅋㅋㅋㅋㄱㅋㅋㅋㅋㅋㅋㅋㅋㅋㅋㅋㅋㅋㅋㅋㅋㅋㄱㅋㅋㅋㅋㅋㅋㅋㅋㅋㅋㅋㅋㄱㅋㅋㅋㅋㅋㅋㅋㅋㅋㅋㅋㅋㅋㅋㄱㅋㅋㅋㅋㅋㅋㅋㅋㅋㅋㄱㅋㅋ 이래서 요즘 한녀피싸개들이 피 찍찍 싸대는거구나ㅋㅋㅋㅋ 애초에 마인드랑 근본부터 개 병ㅡ신 애미없는게 한녀충들인데 이런 쓰레기 페미 세뇌교육까지 받았다? 일말의 여지도 없노 이래서 한녀와의 결혼은 뭐다? 마지막에 먹은놈이 하는 설거지다^^ 한녀가 모가지에 칼 들이밀어도 좆까야 하는게 한녀 설거지다 야붕이들아 명심해라 그저... 역겹다... K-선지공장!!!!,1024,피싸개 거르고 이건 딱히 킹받을 이유는 없는 거 같은데,0,DC_new10_kw1.csv,misogyny,text,
KOREA,2021-10-24,Unknown,FMkorea,설거지,커뮤에서 특정 떡밥으로 도배된다고 지랄하는건 이해가 안 감,설거지론 뭐 나도 지겹긴한데 지겨우면 그냥 안 보면 그만 아닌가. 븅신들이 오히려 모쏠찐따아다백수들이 도배하는거다 ㅇㅈㄹ 하면서 격한반응 보여주며 장작 쳐넣는데 3일이면 끝날것도 그지랄하면 일주일 가겠네 ㅅㅂ.,0,이런 의견도 있을 수 있지,0,FM정치_kw1.csv,misogyny,text,
KOREA,2021-10-26,ㅇㅇ (49.170),DCinside,설거지,설거지론이 그러니까 사실혼까진 세이프인거지,혼인신고만 안하면 되는거지?,0,,0,DC_new10_kw1.csv,misogyny,title,
KOREA,2021-10-23,ㅇㅇ (211.119),DCinside,설거지,야추) 의느님도 인정한 설거지론 심층 분석...jpg,"필력보소 씹 ㅎㄷㄷ 더 큰 문제는... 이론이 나오기전부터 이미 30대 미혼율 50% 돌파 ㄷㄷ 아.. 결혼시장 핵폭탄급 파급력으로 예상되는 이론의 정립, 설거지론... 위 예상보다 250년 정도 앞당겨질 듯 ㄷㄷ",2425,ㅋㅋㅋㅋㅋ,0,DC_new10_kw1.csv,misogyny,title,
KOREA,2025-03-11,Unknown,FMkorea,설거지,작년부터 미국주식 코인안하면 병신이라는글들많았는데,지금 생각해보면 설거지 물량 던질려고 작업친거같음\n지수투자 마 18인데 본전만 오면 무조건 탈출해야겟다,3,지수인데 왜 탈출함? 지수는 괜찮음\n개별주 레버나 지수 3배짜리 레버를 타니 죽는거지\n지수 2배 레버는 복구 됨,0,FM주식_kw1.csv,derivation,title,
KOREA,2019-02-19,ㅇㅇ (121.150),DCinside,설거지,문재인..또..사고친듯..jpg,이제 상주가. 설거지까지 해야함,1722,니가족이 대통령이라고 생각해봐라,0,DC_new7_kw1.csv,derivation,text,no?
KOREA,2023-10-05,Unknown,FMkorea,설거지,여태까지 주게에서 본 사람중 가장 지렸던거,SKIET 상장일에 현금으로 사다가 실수로 미수매매하고 설거지 당한사람.\n거의 3억 샀던거 같은데,16,ㄷ,0,FM주식_kw1.csv,derivation,text,
KOREA,2024-11-26,Unknown,FMkorea,설거지,엔비디아 떨어지는건 자연스러운 현상이지,실적이 좋은거랑 별개로 개미들이 저주식을 많이가지고있음 주갤에 엔비디아 주주아닌사람 찾는건 힘들고 전세계 개미가 많이 샀지 사실\n개미가 주식을 많이샀다는건 누군가는 많이많이 팔아넘겼다는건데 당연히 월가놈들이나 기관 연기금 싹다 포함일거고\n걔들은 이제 사실상 고점에서 설거지 준비나 하는거지\n어차피 주식 방치하면 자연스럽게 다시 조정받고 떨어지고 싸게 살수있는데 굳이 지금 비싼가격에 안사는것도 그러한이유고\n방치하면 떨어지는이유가 결국 개미들은 자금한계가 있으니까 결국 사다보면 이젠 다른사람들이 사줘야하는데 큰손들은 다시 시장 급락해서 폭락만들고 패닉셀에 나오는 물량 싸게 줍줍한다는거지\n이런말 하면 풀숏처라 하는데 그건뭐 대화가 안통하는인간이니 그동안 블라했음,10,나 주주아님!,1,FM주식_kw1.csv,derivation,text,
KOREA,2021-12-08,Unknown,FMkorea,설거지,네오위즈 홀딩스때문에 주식마인드바뀜,옛날에 네오위즈홀딩스 쿨하게 분석해주던 형 왔다하면서 글쓴거 보고\n사고나니 떨어지니 설거지 여서 하 그럼그렇지 했는데\n나중에보니 말도안되게오름 이거보고\n지금와서 다시읽어보는데 분석하는거하고 투자에대한 마인드 고수들은 이렇게한다\n모든걸 가르쳐주고 떠난 참스승이었음.....,5,그 글 어디서 볼수있음?? 참고해보고 싶은데,0,FM주식_kw1.csv,derivation,title,
KOREA,2025-10-12,Unknown,FMkorea,설거지,주식판보다도 코인판이 어떻게 될지 궁금해,"보통 저 정도 거대한 청산은 상당히 위험한 신호인데, 막상 지금의 흐름은 코인에게 매우 우호적이거든\n(비록 정부의 통제가 들어간다고 오스트리안 애들은 부정적으로 보지만) 코인이 주식과 부동산처럼 국가가 부양하는 대상이 되었고,\n같은 맥락에서 코인의 전략자산화와 스테이블코인 정책이 추진중이고,\n회사와 기관과 기금도 열심히 코인 모으는 중이고,\n코인으로 먹고 살겠다는 기업이 쏟아지고 있고,\n무엇보다 그냥 말해봐야 입이 아픈 금리인하 초거대 유동성 쓰나미가 예정되어있는 그런 상태잖아\n이러니 시즌종료는 아무리 봐도 아닐 것 같아. 현물이 엄청나게 쏟아지는 설거지빔이라기엔 계속 어느 지점에서 지지중이기도 하고.\n어쩌면 이번 롱선물 청산빔이 엄청난 상승전 고래들이 족쇄 푸는 일이 될 수도 있겠다 싶어\n예를 들어 이더가 1만 간다 이러는데, 이더 3배 5배짜리들 많으면 이더 고래들 입장에서는 이더가 올라도 선물 매도한 것들 때문에 손해가 클 수 있는데, 올리기 전에 다 털어버린 것일 수 있다는 거지.\n과연 어찌 될련지 지켜보는 것이 좋을 것 같음.\n내 생각에는 다음주에 미국과 중국의 드잡이질로 주식과 코인 한번 더 밀고 그 후에 떡상랠리 갈 것 같은데 어찌될련지...",1,달러 유통량이 많으면 코인판을 터트리는게 그나마 리스크를 덜 지는 방법아닐까,1,FM주식_kw1.csv,derivation,title,
KOREA,2024-05-01,신림동전설,MLBPark,설거지,부동산 부동산 잔인하게 설거지 했나보네요.,"꾸준히 감소하던 주택담보대출이 지난 달 폭발적으로 늘었습니다.
2024년
1월 4조 4329억원 증가
2월 2조 7713억원 증가
3월 4494억원 감소
4월 3조 5,976억원 증가
4월 서울아파트 거래량이 4,000건을 넘어서 가계대출이 급증한 걸로 예상했는데 역시나 였네요.
부동산 거래가 왜 늘었을까요? 아래 기사를 보시면, 위에서 부터 1주전, 2주전, 3주전, 4주전 기사모음입니다.
최근 한 달 새 모든 언론이 공급 부족으로 집값 오른다는 보도를 쏟아냈네요. 관련 기사가 수백건입니다.
그러니 사람들이 겁이 나서 대출을 왕창 받아서 집을 샀나 봅니다.
그리고 설거지가 다 끝났다고 생각했는지...
오늘은 주택공급통계가 누락됐다는 보도가 쏟아졌습니다.
그동안 언론에서 공급 부족이라고 호들갑 떨었는데 인허가 4만, 착공 4만, 준공 12만 가구가 더 많답니다.
그거 아세요? 분당신도시(9만 7000가구)+일산신도시(7만 6000가구) 합치면 17만 가구입니다-_-
결론적으로, 최근 두 달 동안 기존에 없던 분당신도시에 일산신도시가 더해진 물량이 갑자기 공급된 것이죠;;
90년대에 1기 신도시(전체 30만 가구) 분양할때 수도권 집값이 10년 가까이 약보합이었습니다.
저는 폭락한다고 주장하는 건 아니구요..
2022년부터 불펜에 2026년까지 최소 10%~ 최대 20% 가량 하락하는 약보합이 계속될 거 같고 2027년부터 보합, 2030년쯤 강보합이라고 주장해 온 사람입니다.(실제로 쪽지주는 분이 있어서 그러는데, 전문가 아니니까 쪽지로 질문하진 마시구요, 단순하게 부동산 10년 주기설을 믿는 평범한 불페너입니다;;)
추천
2
공유",2,ㄷㄷㄷㄷㄷㄷㄷㄷㄷㄷㄷㄷㄷㄷㄷㄷ,0,MLB_전체_KW1.csv,derivation,text,
KOREA,2024-07-16,Unknown,FMkorea,설거지,요즘 국장 세력들 개미 터는 운전 솜씨가 변했어요,"요즘 국장 개미 터는 주포들 운전대가 거의 음주운전 수준입니다.\n옛날에는 커브를 조금씩 밀었으면\n요즘은 커브를 좀 심하게 밀어요.\n본인들 출혈 감수하면서도 밀어버리는 경우가 많습니다.\n종목에 대한 공부가 필수임, 특히 단타쟁이들 탈탈 털어버리는 솜씨가 장난 아니에요\n지지선이랑 추세선 잘 보고 종목 추적하면서 모아가는 사람들이 빛을 볼 수 있다고 개인적으로 생각하는 중입니다.\n개별종목 파악 안 된 상태에서 거래하는 분들은 위,아래 무빙에 개털릴 가능성이 매우 높아요\n그리고 이 종목 아니다 싶어서 손절해서\n좋아보이는 종목 탑승하면 개미털기에 또 한 번 설거지 당합니다.\n무서운 장세에요.",12,뇌동매매금지\n매물대가 없어요 기관만 사팔사팔 .\n어쩌려고 다 해외로 밀어넣은건지... 이해불가.,0,FM주식_kw1.csv,derivation,title,
KOREA,2021-04-09,Unknown,FMkorea,설거지,"오늘 사조, 동원, cj 씨푸드 사신분 계신가요?",종가로 샀는데\n이거 설거지 당한건가요...\n몇시간째 생각해보는데...\n담주가 불안해여,3,동원은 동원인데 동원금속 소량 샀..,0,FM주식_kw1.csv,derivation,text,
KOREA,2024-12-10,Unknown,FMkorea,설거지,마스숏 적립식매매로 2억산 주주로써 마스가 멸망할수밖에없는이유,일단 회사비즈니스모델자체가 없음 적자 투성이\n전환사채 찍어내서 비트코인사기 회사주식 팔아넘겨서 비트코인사기 즉 레버리지 투자자\n회사가치라곤 비트코인 하나뿐\n비트코인이 오르는 지금같은 강세장이면 아직까진 문제가없지만\n비트코인이 조정장이오면? 전환사채를 찍어도 받아줄 사람이없음 비트코인 조정장에 변동성도 없을꺼고 당연히 마스의 비트코인 가치도 떨어짐 전환사채를 찍을꺼면 기관들한테 변동성 플레이로 롱숏 변동성이라도 잘주는 움직임이라도 나와야 하는데 비트코인 조정장 오는순간 그 변동성 자체가 사라짐 즉 마스 주식자체가 개노잼\n아무리 트럼프정권이 가상화폐시장에 친화적이여도 조정장은 찾아올수밖에없는데 그 조정장에 마스는 무너지수밖에...\n결국 레버리지 투자자는 회사주식과 비트코인 모두 익절하고 돈들고 튈꺼임 이게 전부임\n열심히 전환사채 찍고 주식팔아넘긴걸로 주식도 급등시켜서 올려놨고 이제 설거지 작업하고 비트코인도 던지고 도망가겠지\n마스는 걍 시간문제일뿐 결말이 정해져있음\n주식도 다팔고 비트코인도 다팔아서 익절하고 튄다. 이게 결말임,11,허헉~!\nㅇㅇ 너무 배째라식으로 버티는건안됨 상폐까지 고려하면 당장은 될가능성은없는데 한 200불 근처쯤오면 슬슬 상폐얘기 나올꺼임 나도 그때쯤엔 다뺄듯 눈치봐서 이미 숏으로 좀 해먹기도했고,3,FM주식_kw1.csv,derivation,text,
KOREA,2025-10-13,Unknown,FMkorea,설거지,데이장 오른다고 프장에 바로 사지마라,그러다 설거지 당한다.\n나에게 하는 오늘의 다짐,7,ㄹㅇ,1,FM주식_kw1.csv,derivation,text,
KOREA,2025-07-29,스윗스로우,MLBPark,설거지,코인 코인시장이 죽긴했네요,"수급도안되고
불장이라고 말만그렇지 설거지바쁘고
코인 유투버들도 휴가간건지
안보이는 사람들이 많아보이고...
아무튼 코인시장은 이제 한물간건 맞는거같아요
추천
1
공유",1,비트 이더하는데 국내거래량 왜보냐여ㅋㅋㅋ,0,MLB_전체_KW1.csv,derivation,title,
KOREA,2025-08-01,Unknown,FMkorea,설거지,미장 다시 데이장 안여는 이유가,작년부터 가뜩이나 스마트 개미들\n달러 싸들고 미장 이주하면서\n국내증시 거래대금이 말도 안되게 줄었는데\n여기에 국장에 남은 개미들 설거지까지하려고\nnxt 대체거래소까지 만들어서\n변동성 키우고 수수료 장사하려하는데\n여기서 미장 데이 다시 열어버리면\n대체거래소까지 만든 판국에\n다시 거래대금 그쪽으로 전부 몰리면서\n코스피 nxt 동시사망판정 받을수있어서\n일부러 패닉셀 개미보호 명목으로\n안연다는게 뇌피셜,6,블루오션이 재발 방지 대책 내놓던가,1,FM주식_kw1.csv,derivation,text,
KOREA,2021-08-18,Unknown,FMkorea,설거지,두유노 설거지?,예스 설거지.\n근 3개월간 본 차트중 제일 무섭다.\n임상실패 바이오주도 이 정도는 아닌데...,9,진짜 노답,1,FM주식_kw1.csv,derivation,text,
KOREA,2025-04-10,선택할자유,MLBPark,설거지,경제 주식 사지마세요 지금 큰일납니다,"바뀐게 하나도 없습니다
중국에 125프로 부과하는게 본질적인 문젠데
지금 나스닥은 설거지 하는거죠
추천
1
공유",1,이 글 보고 추매해야겠다는  확신이 드는군요.,0,MLB_전체_KW1.csv,derivation,title,
KOREA,2019-02-19,ㅇㅇ (121.150),DCinside,설거지,문재인..또..사고친듯..jpg,이제 상주가. 설거지까지 해야함,1722,일자리 늘겠네 설거지알바,0,DC_new7_kw1.csv,derivation,text,no?
KOREA,2025-03-19,코코넏,MLBPark,설거지,연예 이진호란 사람은 왜 일방적으로 욕먹는거져?,"김새론 음주운전 때 '음주운전은 살인미수급 중범죄다'라고 난리치던 거 네티즌들 아니었나여
이제와서 이진호란 사람때문에 죽었다라고 몰아가는데 그럼 뭐 저 사람은 혼자 쳐맞고 있어야 되나여
그리고 지금 사생활 보호니 뭐니 이런 건 애진작에 어느쪽도 지켜지는 분위기도 아니고 어차피 이판사판 폭로전인거 같은데 걍 답정너들도 아니고 왜 이진호란 사람만 욕하는지 모르겠네여ㅋㅋ 김수현 무슨 설거지 사진 공개때도 똑같이 반응들좀 하시지
추천
2
공유",2,코코넏 이진호 영상과 뉴진스를 비교하네.  와 참 친구 없는듯,0,MLB_전체_KW1.csv,derivation,text,no?
KOREA,2021-12-30,Unknown,FMkorea,설거지,2021년 수익인증,올해 1월부터..\n옆 회사동료가 주식으로 하루에 갑자기5\n10만원 벌었다고 자랑하는거에 혹 해서\n매일 왕복2천원 톨비 내는데\n목표는 하루 2천원 벌기! 로 20만원으로 시작했다가\n쿠키런킹덤(원래 쿠키런의 오랜 팬이었음) 출시하고 재밌어서\n뭐에 홀렸는지 무지성으로 평단6만에 1500만 시드로\n1500만을 결국 벌고 끝난 올해 국장이네요\n아무것도 모르던 주린이시절엔 누가봐도 설거지 차트때 못팔고\n버티고 버티다 결국 한번 더 시세주길래 저번에 정리 후\n다른거 타고 있는데\n망할 아시아나.. ㅋ 비행기 올 봄에는 꼭 뜰거라 믿고 버팁니다\n내년에도 성투합시다,9,섹스,0,FM주식_kw1.csv,derivation,text,
KOREA,2023-08-22,Unknown,FMkorea,설거지,맥신 멀리 못 간다 분명히 말했음,"무지성 테마를 타면 안됨\n테마주에도 흐름과 대시세 가능성이 있음\n1. 테마주 장세는 1차 테마가 가장 강하다\n2. 맥신관련 투심이 깊지 않음\n-2차전지는 공장 증설, 전기차 수요, 빠재\n-초전도체는 논문이라는 이슈\n선행한 두 테마는 다 투심을 흔들 요소가 있었음\n3. 뚜렷한 대장주가 없음\n전기차의 에코프로\n초전도체의 신성 처럼\n아 이게 대장이다! 하는 종목이 뚜렷히 보이지 않음.\n테마주에서 대장주의 역할은 너무나도 중요함.\n장 전체를 이끌기 때문.\n맥신은 빠르게 설거지하고 끝나는 소나기일 것.\n끝",0,보통의 테마주랑 다를 것 없어 보이는뎅,0,FM주식_kw1.csv,derivation,text,
KOREA,2025-06-17,Unknown,FMkorea,설거지,이런거 무조건 튀어야해요.,포스코 홀딩스 개미가 고점 만들때랑 똑같음.\n어떻게해서든 반등시마다 탈출해야 설거지 안당합니다.\n저라면 이종목은 앞으로 급등나와도 절대 처다도안봅니다.\n먼저 탈출하는자가 피해가 가장 적습니다.,11,곡소리 나겠구만..,1,FM주식_kw1.csv,derivation,text,
KOREA,2025-07-11,Unknown,FMkorea,설거지,애니플러스 계속 글 싸는 이유?,하..\n설거지 안할꺼야?\n펨코 주갤 > 텔레그램 > 각종 커뮤 > 주식 유튜브 > 폭등\n난 이 유구한 전통을 믿어,5,ㄷㄷ,0,FM주식_kw1.csv,derivation,text,
KOREA,2022-03-08,Unknown,FMkorea,설거지,주식쟁이들이 정보에 빠르다고 해서 오늘 관련주들 주가 찾아봄.,"일단 오늘의 포인트는 그냥 죄다 내리 꽂는 날임.
특정 몇개 빼고는 그냥 죄다 내리 꽂았다고 보면 됨.
그럼 관련주들은??
윤 관련주 떡락.
다른 관련주도 대부분 떡락.
김건희 관련주 떡락.
다른 관련주 당연히 대부분 떡락.
이 관련주 떡락.
역시나 당연히 대부분 떡락.
기사도 이렇게 나옴.
정치 테마주는 원래 이쯤되면 재료 소멸되는 시점이고 설거지로 한두번쯤 올라갈순 있지만 그뒤로는 별거 없음.
근데 만약에 진짜 호재가 있다?? 그러면 얘기가 다르지만 여태껏 그런적 별로 없음.
여기까진 별거 없고 특이하게 볼게 하나가 있음.
.....................??????????????????
위에 관련주들은 말그대로 '관련주'지 직접적인 연관은 없음.
근데 이건??
이건 아주 관련을 넘어서 직접적인 직접 연관주임.
(안랩 창업자 및 현재 최대주주 안철수.)
오늘같은 떡락장에 5% 상승??
그냥 어제 누가 주식쟁이들이 제일 정보가 빨라서 주식을 보면 흐름을 알수 있다길래 한번 관련주들 알아봤음.
큰 의미는 부여하지말고 그냥 뭐 그렇다고.
아님 말고.
^^",3,"뮌헨
ㅇㅇ 맞음.",0,FM정치_kw1.csv,derivation,title,
KOREA,2024-02-06,Unknown,FMkorea,설거지,저PBR 조정이 오는 이유,"개인들은 자산주 자산주 노래를 부르지만\n외국인들과 기관들은 철저히 탈출전략을 짜고 기업을 매수하고 있음. 그 근간에는 2월말 발표 후 구성되어지는 저PBR ETF임.\nETF에 편입되어지는 종목들을 미리 선별하여 매수하는 것임. ETF 편입되면 추가 수익률 혹은 차익실현 전략을 짜는 것임.\n이말은 ETF에 편입되는 종목들은 주가가 날아가고 편입되지 못하는 종목들은 개인들이 설거지 당한다는 소리임. 주가가 상승하려면 결국 대주주들이 주주환원을 해야한다는 소리임.\n많은 투자자들이 단순 저PBR, 자산주가 몇배 갈 것을 기대하지만 이건 완전 틀렸음.\n금융당국은 ETF를 만듬에 있어서 단순 저 PBR을 보지않고\n기관들이 ETF를 매입할 만큼 투자매력이 있을만한 저PBR주를 선별\n한다고 밝힘.\n핵심은 아래 기준을 충족함에도 저평가를 받고있는 기업들의 저평가를 해소해주겠다는 것임.\n금융위 관계자는 “업종에 따라 PBR이 천차만별이어서 일본도 일률적인 기준을 적용하지 않는다”며\n“단순하게 PBR이 낮다고 저평가, 높다고 고평가라고 볼 수 없다\n”고 설명했다.\n(1) PBR 1배이하\n(2) ROE\n(3) 현금흐름\n(4) 배당과같은 주주환원\n생각보다 매우 까다로운 것을 알 수 있음. 이런 조건들을 거르고 나면 상당부분 현재 적자가 안나고 양호한 현금흐름을 보이며 주주환원을 하고 있는 현대차그룹 이외에 대형주들이 대다수이고 이런 대형주 수급에 극명하게 외인.기관들이 몰리고 있음.\n또 여기서 중요한 점은 아직 시간이 남았다는 것임.\n처음 ETF 구성항목에 들어가려면 PBR1배에 근접해 있으면 안됨. 0.5배정도는 유지되어야 함.\n그렇기에 조만간 ETF에 들어가기 위한 가격대를 유지하기위해서 차익실현매물들이 출회 될 가능성이 높음.",59,Hejda\n6%아님?,0,FM주식_kw1.csv,derivation,text,
KOREA,2023-08-22,Unknown,FMkorea,설거지,맥신은 멀리 못 간다,"1. 테마주 장세는 1차 테마가 가장 강하다\n2. 맥신관련 투심이 깊지 않음\n-2차전지는 공장 증설, 전기차 수요, 빠재\n-초전도체는 논문이라는 이슈\n선행한 두 테마는 다 투심을 흔들 요소가 있었음\n3. 뚜렷한 대장주가 없음\n전기차의 에코프로\n초전도체의 신성 처럼\n아 이게 대장이다! 하는 종목이 뚜렷히 보이지 않음.\n테마주에서 대장주의 역할은 너무나도 중요함.\n장 전체를 이끌기 때문.\n맥신은 빠르게 설거지하고 끝나는 소나기일 것.\n끝",6,버핏\n신성갖고 있는건 맞지만\n초전도체 떡상 기원에서 쓰는글이 아닌데\n다른 종목들 언급많이했는데?,0,FM주식_kw1.csv,derivation,text,
KOREA,2023-08-09,Unknown,FMkorea,설거지,토스증권 문제가 많네요.,나야 토스증권 커뮤 사기꾼들에게 당하지는\n않지만\n뭣 모르는 사람들이 당하는 거 보면\n참 안타갑네요\n토스증권에서 인플루언서 달고\n팔로워들 상대로\n자기가 낮은 가격에서 선취매 후\n팔로우들에게 나 저거 들어갔다고 하면\n팔로우들 또 따라서 삼\n그리고 그놈들은 자기 추종자들이 매수해주니 주가 올라가고 팔 타이밍 맞쳐서\n다 팔고 튐 ㅋ\n팔로우들은 작살 남\n정말 답답하네요\n어쩌다 얻어 걸리는 거 하나 걸리고\n대부분 저런식으로 설거지 당하고\n문제는 저 놈들이 좋은 종목으로 저러지 않고\n좋은 종목은 쉽게 못 움직이니\n꼭 정말 안좋은 개잡주들로 저런다는거죠\n적은 금액으로 10% 는 그냥 올릴 수 있는.\n정말 바보같은 사람들 많네요\n저런 사기꾼 같은 놈들에게 놀아나는 거 보면\n너무 안타까움,3,근데 토스커뮤에서 글 하나 썼다고 주가 영향갈 정도인가? 그정돈 아니라보는데\n오히려 그렇게 따짐 네이버 종토방 동호회애들이 더 영향력 훨씬 높지,0,FM주식_kw1.csv,derivation,text,
KOREA,2025-11-27,Unknown,FMkorea,설거지,민주당 정권이 원하는 것 = 4050 부동산 설거지,2030이 미국주식으로 개별노선 타니까\n그들 지지세력 부동산 설거지 못할 우려 불안\n결국 어떻게든 국내로 자금 돌리고\n평생 2030 노예로 만들기 원해서 그런거\n맞나,114,설거지할 돈이 없다데쑤,0,FM주식_kw1.csv,derivation,text,
KOREA,2025-12-17,Unknown,FMkorea,설거지,ㅋㅋㅋㅋㅋㅋㅋㅋㅋㅋㅋㅋㅋㅋㅋ 걍 조정 끝났다고하는 롱숭이보면 걍 개쳐웃김,"전통적으로 주식이 오르면 당연히 내리는 순간도 옴\n오라클 오픈ai 보셈 AI 걍 거품임 이런걸로 어캐 돈을 벌겠다는 거임\n그리고 누가보면 악재 풀해소인줄 아직 해결된건 없음, 내년에 금리 인하 할거같음? 절대 못함 ㅋㅋㅋㅋ\n마이클 버리 모름? 전설적인 투자자가 한 인터뷰를 보라고 다 맞는 말이라고 그래서 TPU든 GPU은 CPU든 걍 럭키 공짜심심이 만든거라고\n지금 조정 끝이라고 생각하고 롱거리는데 너네 그러다가 진짜 큰일난다고 기관들은 팔고 개미들만 남았다고\n일본 금리 인상해서 엔케리 청산 나기 시작하면 증시 20프로 빠진다고 데드캣 바운스라고 지금은\n마3 맞아서 마삼룰 시작되어서 위아래 움직임이 이상한거 안 보이냐고\n오라클 브로드컴에 이어서 마이크론이 막타칠거라고\n스샷 찍어서 커뮤 올릴때가 최고점인거 모르는 사람 없지않나?\n11월도 기어코 마지막에 말아올린다고 수익 인증하던데 ㅈㄴ 거만하더라 ㅋㅋ\n너네가 생각해도\n지금 내 주식이 이 가격이 맞다고 생각해?\n너네 돈 빨아서 코인 사는 마스, 비트마인이 오르는게 맞다고 생각해?\n여기서 더 오른다고 생각하는거야?\n너네가 주식을 그렇게 잘해?\n나는 지금 그 가격에 주식 못 사 아니 안 사\n너네가 산거 설거지 안해\n숏 불 ㅈㄴ 타줄게\n그리고 주식이 정가라고 생각이 될때 그때 숏으로 번 돈으로 주식 ㅈㄴ 매수해줄게",62,휴 기도한번 드렸고,0,FM주식_kw1.csv,derivation,text,
KOREA,2023-11-11,꾸물꾸물,MLBPark,설거지,경제 영끌러 울리는 부동산 사기 근황,"신고가로 자위중인데 네이버 호가 보면 몇억싼 물건이 널렸음
영끌님들아 너님들 설거지 당한거에요 ㅠ
추천
1
공유",1,MipSang// 15층이랑 2억이나 차이나요?,0,MLB_전체_KW1.csv,derivation,text,
KOREA,2025-11-03,Unknown,FMkorea,설거지,외인 너네는 앞으로 삼전 설거지나 해라 ㅇㅇ,싸게 팔고 비싸게 사라 계속 ㅋㅋ,4,,0,FM주식_kw1.csv,derivation,title,
KOREA,2021-10-28,ㅇㅇ (118.219),DCinside,설거지,야준표....설거지 당한 썰....jpg,,661,그래서 그랬구만 ㅋㅋ,0,DC_new10_kw1.csv,derivation,title,
KOREA,2024-10-21,Unknown,FMkorea,설거지,DJT 차트적으로 보면 설거지 차트는 아님,물론 이딴 주식이 차트 논리 따라간단 보장이 없음,1,dlqls\n더 가야지 그럼,0,FM주식_kw1.csv,derivation,title,
KOREA,2025-12-24,Unknown,FMkorea,설거지,우주항공주는 단타임?,쏘고나서 다음날 설거지했단글 봤오,0,무빙이 지랄맞긴한데\n26년은 분위기 다를거 같음,1,FM주식_kw1.csv,derivation,title,
KOREA,2021-09-17,ㅇㅇ (106.101),DCinside,설거지,홍준표 지지자 90%가 주식충 ㅋㅋㅋ씨발 ㅋㅋㅋ,귀신같이 설거지당할 예정 ㅋㅋㅋ,2,ㅋㅋ,0,DC_new10_kw1.csv,derivation,title,
KOREA,2024-10-07,Unknown,FMkorea,설거지,ㅅㅂ 몇분만애 삼전 설거지 당한건가 ㅋㅋㅋㅌ,https://www.fmkorea.com/7550616720\n복사,42,ㅠㅠㅠ,2,FM주식_kw1.csv,derivation,title,
KOREA,2024-11-17,Unknown,FMkorea,설거지,코인 리플 쏘네,일주일안에 설거지 들어가겠네,5,일주일만에 두배팅이네 와,0,FM주식_kw1.csv,derivation,title,
KOREA,2025-11-06,Hzzang7,MLBPark,설거지,주식 진짜 더 오른다 vs 설거지 모집이다,"‌저는 지금이라면 후자라고 봅니다
더 견인할만한 요인이 없지 않나요?
이미 들어올 사람들은 다 들어왔지 싶은데
추천
1
공유",1,계속 외인 팔고 개미 사는거라 결국 상승 한계가 올 수 밖에,0,MLB_전체_KW1.csv,derivation,title,
KOREA,2025-06-17,Unknown,FMkorea,설거지,이런거 무조건 튀어야해요.,포스코 홀딩스 개미가 고점 만들때랑 똑같음.\n어떻게해서든 반등시마다 탈출해야 설거지 안당합니다.\n저라면 이종목은 앞으로 급등나와도 절대 처다도안봅니다.\n먼저 탈출하는자가 피해가 가장 적습니다.,11,Svdn\n원전 이런거는 숫자나오려면 한참걸려고. 짓고 승인하고 세월임.완전 버블임,0,FM주식_kw1.csv,derivation,text,
KOREA,2025-10-18,Unknown,FMkorea,설거지,네이버 30만원가면 좋다고 개미들 몰려온다.,"결론 : 네이버 사라. 주가 30~31만원이 딱 적정하다. 그 이상은 오버밸류다.\n애널리스트 보면 네이버가 좋다고 하는 이유가\n코인베이스 따라간다 이거거든.\n코인베이스가 per이 70이 넘는데\n두나무는 절반 per 35만 적용해보자 이거야.\n그래서 합병하면 현재 주가 31만원 정도가 나와야 한다는 논리.\n어때? 합리적인 것 같아? 근데 내 생각에 두나무 per 35도 좀 과해.\n코인베이스 사업영역이랑 두나무 사업영역은 하늘과 땅 차이거든.\n코인베이스 보관, 대출, 카드출시, 거래수수료 등등 온갖 다양한 사업을 펼치고 있지만\n두나무는 거래수수료, ㅄ같은 대출(랜딩) 이거 꼴랑 2개거든.\n게다가 국내거래소는 잡코인 상장으로 1년간 설거지 존나해서 거래량도 많이 줄었고 해외거래소 이용하지 국내거래소 이용할 일은 앞으로 더더욱 없음. 그럼 메인 거래수수료에서 타격이 오니까 앞으로 per 낮아지는게 맞고.\n네이버 영상 찾아보면 리스크를 상장관련 해서 찾던데, 난 이건 전혀 리스크라고 생각안해. 이재명 정부에서 증시부양 하는데 옛날처럼 ㅈ같이 상장해서 주주들 원성산다고? 말 같지도 않은 소리고\n네이버 리스크는 두나무의 성장성이 매우 둔화된다는 거에 있는거임. 그래서 정부가 코인관련 규제를 얼마나 많이 풀어줘서 코인베이스처럼 다양한 사업영역으로 발을 뻗을 수 있는가가 핵심\n그리고 현재 미국 로빈후드 따라가는게 토스 같다고 생각되거든. 근데 두나무가 네이버랑 합치면 네이버도 주식쪽 진출하면서 시너지가 나쁘지 않아보임. 하나의 플랫폼에서 코인이랑 주식도 다 같이 거래하고 그 안에서 커뮤니티도 형성하게 만드는거지",5,알뜰탕수육세트\n그것도 안좋은 이유중 하나. 앞으로 코인 사이클에 따르면 지금 고점은 찍었고 하락사이클 접어들면 거래량 개폭락해서,1,FM주식_kw1.csv,derivation,title,
KOREA,2021-10-24,서서원직,DCinside,설거지,현재 대한민국 30대 주부들의 가치관을 형성시킨 만화 캐릭터.jpg,"봉 미 선 대부분의 30대들은 어렸을때 다들 짱구를 보고 자랐을 것이다 그렇기에 봉미선의 행적들은 여성들의 주부 가치관 형성에 적지않은 영향을 줬을텐데 그녀의 행적을 살펴보자 도시락 싸달랬더니 폐기직전의 집안 반찬들 대충 아무거나 쑤셔넣음 전업 주부인데도 집안 꼬라지가 개판 짱구가 아무리 말썽꾸러기라지만 집안이 저렇게 더러운건 이해가 되질 않는다 돈을 벌어오는 것은 짱구아빠지만 가정의 경제권은 엄마가 주도하며 신형만은 작중내내 봉미선이 주도하는 질서 그것을 거역할 수가 없음 신형만은 돈없어서 싸구려 메뉴로 점심을 때웠는데 봉미선은 중국집에서 배달시켜먹음 유리애미 만나서 커피한잔하며 슈크림까지 쳐먹음 ㅋㅋㅋㅋㅋ 거기다 돈은 벌지도 않으면서 지 필요할때 쓰려고 짱구아빠 월급 긴빠이쳐서 비상금까지 ㅋㅋㅋㅋㅋ 어쩌다 저녁밥을 잘 차려주는 것 같다가도? 응~ 다 마트에서 사온거야 ㅋㅋㅋㅋㅋ 심지어 그녀는 짱구아빠와 사귀는 도중에도 다른남자 만나고있었음 제대로 설거지당함 마지막으로 유명한 짤 보면서 마무리해보자... 그저... 대단하다, 전라미선!",1117,짱구레전드,0,DC_new10_kw1.csv,derivation,text,
KOREA,2024-11-20,Unknown,FMkorea,설거지,코인도 마스도 확실한건 결국 누구는 설거지당함,언젠지 그리고 누가될지 모를뿐,3,,0,FM주식_kw1.csv,derivation,title,
KOREA,2023-08-22,Unknown,FMkorea,설거지,맥신 멀리 못 간다 분명히 말했음,"무지성 테마를 타면 안됨\n테마주에도 흐름과 대시세 가능성이 있음\n1. 테마주 장세는 1차 테마가 가장 강하다\n2. 맥신관련 투심이 깊지 않음\n-2차전지는 공장 증설, 전기차 수요, 빠재\n-초전도체는 논문이라는 이슈\n선행한 두 테마는 다 투심을 흔들 요소가 있었음\n3. 뚜렷한 대장주가 없음\n전기차의 에코프로\n초전도체의 신성 처럼\n아 이게 대장이다! 하는 종목이 뚜렷히 보이지 않음.\n테마주에서 대장주의 역할은 너무나도 중요함.\n장 전체를 이끌기 때문.\n맥신은 빠르게 설거지하고 끝나는 소나기일 것.\n끝",0,아련한첫사랑\n잘했어,0,FM주식_kw1.csv,derivation,text,
KOREA,2021-10-28,ㅇㅇ (118.219),DCinside,설거지,야준표....설거지 당한 썰....jpg,,661,어허 들어오고 싶으면 활동비 상납하세효 호호호,0,DC_new10_kw1.csv,derivation,title,
KOREA,2024-04-30,Unknown,FMkorea,설거지,제룡이 추격매수하지말고 내일까진 일단 기다리자..,수요일에 미장 fomc발표+파월연설\n이거 2개 도박하기엔 넘모 무섭당\n거기다가 위치도 역사적초신고가\n주식은 수익보다 최고점설거지는 반드시 피해야한다고 배웠다\n이거 당하면 답도없음,23,2000벌자\n근데 그러면 제룡은 맨날 손절해야함. 맨날 아래위로 3퍼씩 왔다갓다함,1,FM주식_kw1.csv,derivation,text,
KOREA,2024-04-08,Unknown,FMkorea,설거지,일진전기는 진짜 희한하네요,전선들 금욜하고 오늘 마니 올랐고\n변압기대장 현대일렉도 올랐는데\n왜 얘는 악재도 없는데 이리 내리꽂았을까요?\n오늘도 외인 기관이 오지게 털고 개미들 돈으로 버텼네요\n이거 설거지 시그널인가..\n분명 섹터도 나쁘지 않은데 급등한거에 비해 조정은 올거라 생각했지만 알 수 없네요\n어렵다 주식,4,군필페미\n전 평단 22000. ㅎㅎ,0,FM주식_kw1.csv,derivation,text,
KOREA,2021-08-20,Unknown,FMkorea,설거지,그래도 작년 3월에는 코로나관련주는 올랐는데,지금은 모든종목 설거지하는느낌..,0,,0,FM주식_kw1.csv,derivation,text,
KOREA,2024-06-18,Unknown,FMkorea,설거지,프차는 설거지 조심해야됨,"자영업은 단기로 매출 이빠이 올리는 것 보다 장기로 운영하는게 어려움\n그래서 그런지 요즘 조직적으로 바이럴하고 노출시켜서 유행만들고 (가맹비,권리금) 설거지하는거 조심해야됨\n비단 부동산도 ~길, ~거리 등 유행 만들어서 올리면서 가격 펌핑 시키는거 고전수법임",5,프차 가맹으로 돈 벌려면 메이저 브랜드 매장 3개 이상 돌리는 게 정석이긴 하죠 ㅋㅋ,0,FM주식_kw1.csv,derivation,text,
KOREA,2024-04-05,Unknown,FMkorea,설거지,필옵틱스 이거보고 매수 포기했다,지금 유리기판이 존나 뜨거워도 분명 내가들어가면\n조정시작임 ㅇㅇ\n주식 제1원칙 초고점설거지만큼은 피해야한다\n관심종목 삭제까진아니고 구경만하련다,8,.고윤정\n걍 매일매일이 신고가임,0,FM주식_kw1.csv,derivation,text,
KOREA,2021-02-03,Unknown,FMkorea,설거지,설거지고 뭐고가아니라 지금 숏기관들 서로 청산 눈치게임중인듯,참....허탈합니다...,1,청산은 신나서 다들 하는 중이고 새로 숏칠까 눈치게임중...,0,FM주식_kw1.csv,derivation,title,
KOREA,2019-02-19,ㅇㅇ (121.150),DCinside,설거지,문재인..또..사고친듯..jpg,이제 상주가. 설거지까지 해야함,1722,돈많으면 당연히 30만원 돈도 아니지 서민 대가리 깬단소리를 왤캐 빙둘러서 하냐,0,DC_new7_kw1.csv,derivation,text,no?
KOREA,2022-10-27,Unknown,FMkorea,설거지,얘넨 메타로도 설거지를 하네.. 5분만에 140불까지 올리더니...,발표 직전 5분만에\n130 -> 140까지 한방에 올려서 미국은 어닝 빨리나왔나?\n잘나왔나보네? 생각하고 달려든 전세계 개미들\n다시 단 5분만에 110불까지 나락 보내버리네..\nㄹㅇ 이거 맞냐,7,총성없는 전쟁 ㅎㄷㄷ,0,FM주식_kw1.csv,derivation,text,
KOREA,2021-10-22,Unknown,FMkorea,설거지,주갤러가 설거지라는 단어에 예민하지 않는 이유,박사님들에게 엘리트 교육 받음\n반박시 님 말이 다 맞음,11,스파이더\n작전주 마지막에 주식 물량 다 던지고 튀는거 잘못 받아먹어서 체하는 거에요,0,FM주식_kw1.csv,derivation,comment,
KOREA,2025-10-22,Unknown,FMkorea,설거지,콩고기 같은 개잡주들이 무서운 점,주포들의 장난질에 놀아나는 저런 개잡주들은\n한번 설거지 당하면 평생 구조대가 안와서 개쫄림,3,상폐임 상폐 무적권 때맞춰 나와야됨,0,FM주식_kw1.csv,derivation,title,
KOREA,2025-07-11,Unknown,FMkorea,설거지,지금 에스앤디 들어가면 오늘 물렸던 기관들 거 설거지 당하는 거임,오늘 보니까 기관들도 ㅈㄴ 물린 것 같은데 단타할 거 아니면 걍 드가지 않는 걸로\n에스앤디 per은 불닭의 독점 기대감이 알파이자 오메가였는데 독점이 나가리 된 순간 회사의 흥망과는 별개로 주가는 끝났다고 봐야할 듯,7,ㄹㅇ 회사매출은 여전히 잘 나오겠지만 고per은 이제 절대 못 받을 거 같음,0,FM주식_kw1.csv,derivation,title,
KOREA,2025-07-29,Unknown,FMkorea,설거지,퀀텀 이스케이프는 설거지 확정이네...,11.8에 털길 잘해따...,0,설거지 전문 앰창 주식임,1,FM주식_kw1.csv,derivation,comment,
KOREA,2024-04-11,Unknown,FMkorea,설거지,근데 틀힘들 입장에선 한가발 너무 아깝게 쓰인 거 아님??,"지들 딴엔 차기 대선후보였을텐데 ㅋㅋㅋ
두창이 명령에 패전투수 설거지 🤣🤣🤣",1,"아깝긴하지
천천히 정치 했으면 크게 컸을텐데",0,FM정치_kw1.csv,derivation,text,
KOREA,2020-04-03,Unknown,FMkorea,설거지,주갤 용어 정리,"흐른다 = 개별종목 1% 지수 0.2% 하락\n달린다 = 개별종목 1% 지수 0.2% 상승\n설거지중 = 고점에서 -2%\n버스출발 = 지수 -0.2%\n버스주차 = 지수 3분간 변동없음\n버스하차 = 물림\n수익인증 = 퍼옴\n물렸다 = 계좌마이너스 20%\n땃다 = 실현손익 5,000원\n알바비올인코리아",29,오늘 코스피 폭락 : 아 내가 인버스 샀다.,0,FM주식_kw1.csv,derivation,text,
KOREA,2023-08-26,대구맛객,MLBPark,설거지,경제 삼프로가 대한민국 블룸버그라고 소개하던데 ......딱 느낌오죠???,"삼프로 상장 욕 먹으니 우회상장 스펙으로 상장한다고 소문이 파다한데.....
‌누군가가 한국의 테슬라라고 했죠????
에디슨 뭐시기
누가 피 봤죠???
대한민국 주식판 늘 이런식입니다
우리나라랑 독일이랑 시가총액이 엇 비슷한데
상장기업은 우리나라가3배이상 많습니다
이게 뭘 의미할까요?
되도안되는 기업 상장해준다는거죠
시원하게 설거지로 돈 빨아먹고
이러니 전부 부동산으로 가지.....주식시장이 이따군데
거래소 카르텔....
마인드 자체가 사기를 양산함........
추천
1
공유",1,평균 조회수 5만따리라던데 랄로는 상장안하나 ㅋㅋ,0,MLB_전체_KW1.csv,derivation,text,
KOREA,2024-11-11,Unknown,FMkorea,설거지,나는 삼성전자 전문가들이 나와서 XX만원 간다가 가장 완벽한 인간지표라고 생각함,21년에 10만원 간다->9만6천원대에서 개미들 설거지 시키고 그 이후 계단식 하락\n24년에 8만원 간다->8만원대에서 정확하게 개미들한테 설거지 시키고 그 이후 계단식도 아닌 아래로 끝없는 추락\n개인적으로 전문가들이 나와서 삼성전자 XX만원 간다만큼 완벽한 인간지표 없는거 같음,11,이번에도 10만원 간다고 했는데 왜 이번에는 근처도 못가고 꼴밖하지,0,FM주식_kw1.csv,derivation,text,
KOREA,2024-08-21,Unknown,FMkorea,설거지,국장하는 사람 중에 테마주 투자 좋아하는 사람만...!,"현재 대왕고래 관련주는 한국가스공사, 화성밸브, 한선엔지니어링 등이 있으니 참고하시고~\n11월 쯤 시추가 시작되는데, 정신놓고 투자해야 되는 국장 기준으론 시추 성공/실패 여부는 중요하지 않으니 점점 일정이 다가올수록 기대감에 주가가 상승할 확률이 높음\n그리고 핵심은 국장 생존자들은 다 알겠지만 꼭 수익줄때 나오길바람..\n설거지 당하면 그 누구도 구조대를 보내주지 않음ㅋㅋ",5,항상 재료소멸 조심,0,FM주식_kw1.csv,derivation,text,
KOREA,2024-02-01,Unknown,FMkorea,설거지,Pbr로 보는 테마주 5단계 시나리오 (씹장문),"1단계\n- 재료터지면서 수급몰림\n- 거래대금 빵빵터짐\n2단계\n- 하루이틀가겠지\n- 저딴 개잡주를 왜삼?\n- 눈치빠른사람은 여기서 딸깍함\n3단계\n- 며칠계속해서오르며 고점근접 또는 고점돌파\n- 여기서부터 탑승고민시작\n- 웅성웅성거리지만 열차는 이미 달리는중\n4단계\n- 고점돌파이후 더 달림\n- 매동만봐도 기관,외국인 쌍끌이매수세 완벽\n- 에라모르겠다 씨발 탑승간드아!!!!\n- 3단계까지 개인매수는 아예없음\n- 4단계 말기부터 개인매수세 들어오기시작\n5단계\n- 주게에 ~탑승! 또는 ~달린다 글이 보이기시작\n- 빠른시일내로 고점설거지 시작\n(아주 강력한신호: 외궈성님들 대량매도세)\n- 기관,외인은 개미투자자에게 야금야금 고점에서\n물량넘김\n- 한번에 던지지않고 야금야금 던짐\n- 이상하게 주가는 무너지지않고 조금씩오르는데\n프로그램 매도세는 -80만주 이지랄남\n- 고점설거지 끝\n개인적으로 3단계말~4단계초입이라고봄\n지금 개인매수세 안찍히고 주게만봐도\n저딴 개잡테마를 왜삼 이런사람들 많음\n이런사람이 “아씨발 사야하나? 들어간다”\n개인매수세가 찍히는순간 5단계진입\n5단계는 급격하게진행됨 ㅇㅇ\n모든 테마주 시나리오는 이것을 벗어나지않음",13,제주은행은 오늘~ 5단계 끝인건가욥,1,FM주식_kw1.csv,derivation,text,
KOREA,2024-09-25,고등접수,MLBPark,설거지,골프 역시 필드와 스크린은 다른 종목이군요,"‌스크린은 180여게임에 지핸디 0.1기록중인데
필드는 오랜만에 3번째로 나가봤습니다.(미국에서 몇번 친적있음)
딱 두가지만 안되더군요..
드라이버와 아이언
어프로치와 퍼터는 동반자들이 말하기를... 프로냐?
확 뚫린데서 드라이버와 아이언 치는데 아무생각도 안나고
몸만 먼저돌아가고, 총체적 난국..
차라리 스크린에서 처럼 드라이버가 슬라이스라도 나면 좋으련만..
아예 제대로 맞추질 못하고..
신기의 설거지 실력으로 무려 95타나 치고
필드는 그만두기로 했습니다.
추천
1
공유",1,비싼 내돈 내고 스트레스 받기 싫어서 스크린만 칩니다. 사시 사철 가능. ㅋㅋㅋ,0,MLB_전체_KW1.csv,derivation,title,애매모호
KOREA,2021-02-05,Unknown,FMkorea,설거지,GME 평단 300에 170주 홀더입니다. (홀더분들만 봐주세요),"우선 홀더분들만 봐달라고 하는 이유는, 이미 손절하신분들을 선동하거나 하고싶지 않아서입니다.\n이글을 쓰는건, 기왕 홀딩하기로 마음 먹으신 분들끼리 서로 위안이라도 할수 있으면 좋겠어서 입니다.\n어차피 지금까지 홀딩하시는 분들은, 저처럼 끝까지 홀드하실 분들이라고 믿고 제가 무슨글을 써도 선동과는 관계없다고 생각해서 맘 편하게 행복회로 돌려보고자 쓰는글입니다.\nGME홀더분들 정말 많은 손실을 보고있고, 스트레스가 심한 상태입니다. 홀더가 아닌 분들이 비난하거나 하는 내용은 없었으면 좋겠네요.\n어차피 홀드하기로 마음먹은 이상 우리끼리라도 행복회로 돌리고, 서로 위안할수 있게 좀 도와주세요 ㅎㅎ 안그래도 정신적으로 많이 힘듭니다 ㅠ.ㅠ\n============================================\n제가 생각하는 시나리오입니다.\n(가) 아직 GME작전은 끝나지 않았다.\n(근거1) 대주주는 고점에서도, 그리고 지금도 팔지 않고 있다.\nGME작전이 끝나고 원래 가격인 2달러로 돌아가게 된다면, 가장 손해보는 사람은 대주주 및 기관투자자들입니다.\n당신이 대주주라고 생각해보세요. 2달러 주식이 500달러가 됐는데도 팔지 않았습니다. 엄청 미래전망이 있는 회사도 아닙니다. 당신이 가진 지분을 팔면 다시는 거머쥐기 힘든 돈을 벌수 있습니다. 그런데도 대주주가 고점일때 팔지 않았습니다. 그리고 지금도 팔지 않고 있습니다.\n만약 GME작전이 끝났다면, 지금이라도 대주주가 하루 빨리 팔아버리고 나오는게 이득입니다. 2달러 주식을 50달러에라도 팔수 있다면 팔아야죠.\n그런데 대주주는 500달러일일때도,지금 50달러일때도 팔지 않고 있습니다. 대주주랑 주요기관투자자들이 바보라서 그런걸까요?\n제 생각은 대주주는 롱세력과 사전결탁이 분명이 있었고, 언젠가는 숏스퀴즈가 일어날거라는 걸 알고 있지 않는 이상 지금의 행태는 설명이 안된다고 생각합니다. 대주주의 이익을 가장 극대화되는건 숏스퀴즈가 일어났을때 자신의 지분을 고점에 다 넘기는게 가장 큰 이득이니까요.\n만약 GME작전이 실패로 끝난상황이라면, 대주주는 지금이라도 얼른 팔아야 합니다. 그러나 그들은 팔지 않고 있습니다.\n(근거2) 고점에서는 거래량이 없었고, 저점에서는 거래량이 늘어난다. (=롱세력의 매집증거)\n일적인 작전주의 경우 고점에서 대량 거래량이 터지면서, 장대음봉이 발생합니다. 즉 매수세가 최고로 달려들고 가격이 고점일때 많은 물량을 개미들에게 던져버리고, (이익실현), 설거지하는 저점에서는 거래량이 지속적으로 감소하게 됩니다. 이미 다 끝난 작전주니까요. 이게 일반적인 작전주 차트입니다.\n작전주가 아니더라도, 롱세력, 대주주, 슈퍼개미들이 이익실현을 하고 작전이 끝났다고 보려면, 차트상 고점에서 장대음봉과 함께 거래량이 터지는 차트가 그려질수밖에 없습니다. 그런데 GME 차트를 보세요. 고점에서 거래량은 극히 적습니다. 누군가가 고점에서 대량매도한 적이 없습니다. 아주 적은 거래량으로 고점에서 저점으로 내려왔습니다.\n그런데 이상한 일이 있습니다. 저점에서(특히 오늘) 거래량이 증가합니다. 누군가가(아마도 숏세력)이 어마어마하게 공매도를 던지는데 (공매도 볼륨은 이미 매일매일 존재해왔고 매일 공매도가 있었다는 자료가 있습니다.) 저점에서 누군가가 수천주씩, 때로는 한번에 수만주씩 매수하고 있습니다. 이미 숏커버링이 끝났고, 2달러를 향해가는 주식이라면 그그 누가, 이렇게 하락하는 주식을 수천주씩 수만주씩 매수할까요? 어떤 바보가 이런 저점에서 그렇게 큰 금액을 매수할까요? 가장 납득할 설명은, 저점에서 매집중이라는 설명말고는 설명이 안됩니다. (근거3참조)\n(근거3) 숏세력뿐 아니라 롱세력도 가격하락이 필요하다. 롱세력이 가격하락을 관망했을 가능성.\n- 숏세력의 경우는 당연히 가격이 내려가야합니다. 이미 손해가 막심하기도 하거니와, 가격이 폭락해서 개미들이 던지는 투매물량을 받아먹는것 말고는 이 스퀴즈 위기를 넘길 방법이 없습니다. 숏세력이 선택할 수 있는 방법은 유일하게도 지금 현재의 모습입니다.\n무한공매도를 통해 가격을 폭락시켜서 개미들, 롱세력이 손절치고 나가게 하는 것. 그것이 숏세력이 이길수 있는 유일한 방법입니다.\n그리고 현재상황만 보면 숏세력은 그 전략대로 잘하고 있습니다. 숏세력입장에선 가격이 50달러가 아니라 10달러까지도 내려야 합니다.\n즉, 현재 홀더들이 겪는 폭락은 당연히 예상가능했으며, 스퀴즈전에 감내했어야 하는 상황이라는 겁니다. 이것이 숏세력이 할수 있는 최선이자, 유일한 선택이고, 당연한 선택이기 때문에 이런상황은 올수밖에 없었습니다. 폭스바겐 차트도 스퀴즈 직전에 폭락한것이 같은 맥락입니다.\n- 하지만 숏세력이 가격을 내리는 목적을 달성하고, 개미들이 투매를 하고 있는 목적을 달성했다고 숏세력이 이기고 있는것이냐? 라고 하면 그건 아니라고 생각합니다. 만약 숏세력이 정말 이기는 구도였다면, 지금 저가의 매수세는 없어야 합니다. 이미 롱이 저버린 상태에서, 희망이 없다면 저가의 대량매수세는 그 메수주체를 누구인지. 왜 매수를 하고 있는지 그 이유를 설명할 수 없습니다. GME가 망했다면, 단순히 단타쟁이들의 데드캣 먹으려는 시도로 이 거래량은 나올수 없거든요.\n- 롱이 저가매수로 매집하고 있는게 맞다면 승자는 롱세력입니다.\n지난번 글에도 설명했었던 내용인데, 폭락전에 시트론 공매도 평균단가가 20불이었다면, 시타델같은 애들이 새로 들어오면서 공매도 손바뀜이 있었고, 평균단가가 120불 정도로 올랐었습니다. 그런데 공매도 평균단가가 높으면 '높을수록 숏에게는 유리하고, 롱에게는 불리합니다.\n평균단가의 10배 가까이 올랐을때 숏스퀴즈가 발생한다고 가정하면, 공매도 평균단가가 20불이었다면, 200불 정도만 되더라도 숏스퀴즈가 일어나겠지만, 평균단가가 120불이라면 1200불까지 가격을 끌어올려야 숏스퀴즈가 일어나게 됩니다. 롱세력이 스퀴즈를 유발하기 위해서 제일 필수적인 일은, 공매도 평균단가를 낮추는 일입니다. 그런데 지금 저가에 대량매수하고 있는 매수주체가 롱세력의 매집이고, 대량매도하고 있는 매도주체가 숏세력의 공매도라면 50불에서 일어나고 있는 이 거래는 숏세력의 평균단가를 굉장히 낮추게 됩니다. 즉 숏스퀴즈가 더 낮은가격에서도 일어나게 되고 뒤에 손바뀜으로 들어온 공매도세력이 안전가격(스퀴즈가 일어나지 않는 가격) 범위가 낮아지게 됩니다. 더군다나 이 낮은 가격의 매집은 공매도의 평균단가를 낮출뿐 아니라, 롱세력의 평균 매입가격을 낮춰서 나중에 고점에서 매도를 했을때 수익률을 극대화합니다.\n즉 숏세력 뿐 아니라 롱세력도 현시점에서의 가격하락은 추후 가장 큰 이익을 가져다 주는데 필수적으로, 가격하락이 필요했습니다. 따라서 숏세력의 공매로 인한 가격하락을 관망하면서, 조금씩 밀리는 듯한 모양세를 보여주며, 계속 저가에 매수(매집)을 하고 있다고 보는게 합리적일 것입니다. 이것은 가격이 낮아지면 낮아질수록 거래량이 증가하는 이유를 설명해주는 가장 그럴듯한 이유라고 생각합니다.\n- 또한 롱세력은 개미털기를 원합니다. 코스닥개잡주나 비트코인이나 상승하는데 있어서 ""개미털기"" 는 필수적입니다. 단타개미들이 달라붙으면 힘들게 가격 올려놔도 롱세력 수익을 개미들에게 상당히 뺏기는 측면이 있고, 굳이 개미들을 데려가는건 롱세력이 시세를 좌우하는데 방해가 될 뿐입니다. 롱세력한테 가장 좋은건, 대부분의 물량을 롱세력이 가지고(=개미를 다 털어버리고) 본인의 선택으로 시장가격을 자유롭게 조절하는 상황입니다. 모든 작전에 있는 개미털기가, GME에서도 마찬가지로 있을 뿐입니다. 그런데 개미털다가 누가 그 물량을 받아먹으면 매집한 물량만 잃을 위험이 있는데, GME에서는 그럴 위험도 없습니다. 단지 숏세력의 가격하락유도을 관망하는것으로, 숏세력이 대신 개미털기를 해줍니다. 롱세력은 그냥 그걸 지켜보면서 싸게싸게 매집만 하면됩니다.\n(나) 롱세력은 실존한다\n(근거1) 롱세력이 없었다면 , 애초 GME는 500달러를 찍지도 못했을것이다.\n언론에서는 개미들이 헤지펀드들들에게 수십십조의 손해를 끼쳤다고 하는데, 이게 가능한 이일이라고 생각하나요?\n개미들만이었다면, 2달러에서 20달러도 오르기전에 이미 gg치고 끝났을일입니다. 절대로 500달러까지 개미들만으로 못올립니다.\n지금 공매도 애들이 가격 후려치는 거 보세요... 롱세력없이 개미들만으로 2달러에서 20달러까지라도 올릴 수 있을거 같나요?\n그전에 다 손절치고 나가 떨어졌을거에요. 처음부터 롱세력에 의해 짜여진 각본이었고, 개미들은 그냥 .. 얼굴마담이었다고 봅니다.\n(근거2) 차트에서 보여지는 롱 vs 숏 싸움\n1월 29일 금요일 옵션만기날 보여줬었던, 틱단위의 수많 가격변화가 위아래 난무하는 공방을 보셨죠? 그건 누가봐도 명확한 롱과 숏의 싸움이었고, 롱의 승리였습니다. 혹자는 자전거래라고 하는데, 자전거래를 그렇게 요란하게 할 이유는 하나도 없습니다. 그렇게 요란하게 해서 얻을 이익도 하나도 없구요. 자전거래가 아닌 롱과 숏의 싸움이었다고 보는게 훨씬 합리적입니다.\n1월 29일 뿐 아니라, 그 이후에도 이런 틱단위의 공방장면은 반복해서 보이고 있습니다. 롱은 존재합니다.\n(근거3) 저가에서의 대량매수량\n지금 가격이 내려갈수록 거래량이 증가하고 있습니다. 수천 , 수만주씩 매수하고 있습니다. 개미들은 투매하고 있는데, 이런 공포스런 상황\n에서 누가 매수를 할수 있나요? 개미는 저정도 수량 매수못합니다. 숏이 커버링을 한다? 숏이 커버링을 한다는건 이제 물량을 확보하겠다는 뜻인데, 본인이 공매도를 하고 본인이 매수한다? 설명이 되지 않습니다. 숏이 공매도하고 있다는 daily short vol. 은 이미 여러 자료가 나와있고 매일매일 지속되고 있습니다. (short interest 숏잔량을 말하는게 아니라, 그날 하루중에 short 거래가 얼마나 있었는지 보는 short vol. 말하는겁니다.). 더군다나 숏이 뭐하러 지금가격에서 커버링을 할까요? 정말 이미 GME가 망한 주식이라면, 2달러까지 떨군다음에 커버링하는게 상식적이지 않나요? 뭐하러 50달러나 하는 25배나 비싼가격에 하나요. 결국 롱세력 말고는 누구도 현재의 저가 대량매수의 주체가 되기 어렵습니다.\n(다) 결국 롱세력이 이긴다\n지금 작전이 끝나지 않았어도, 롱세력이 존재해도 자금력에서 밀리면 숏세력이 승리할수도 있습니다.\n하지만 전 현재 롱세력이 압도적 이기고 있고, 숏세력이 발등에 불이 떨어져서 유일하게 할수 있는 가격폭락&투매유발에 올인하고 있다고 생각합니다. 롱세력이 처음에 이 작전을 생각했을때, 숏세력의 자산규모나 동원가능한 자금을 생각하지 않았을까요? 미리 다 계산하고, 변수까지 고려해도 충분히 잡아먹을 수 있다고 생각했으니까 이 작전을 시작한겁니다. 이길 자신이 없었으면 시작도 안했을겁니다. 롱세력은 가려져있지만, 숏세력은 다 드러나있고, 손바뀜있더라도 다 예상가능한 범위내였을겁니다.  자산규모등 파악하기는 어려운일이 아니었다는 것이죠.\n그리고 롱세력이 지는 경우라면, 29일 옵션만기일에서도 이기지 못했을겁니다.\n현재의 가격은 지는것처럼 보이지만, 사실 위에서 언급했듯이 롱세력은 가격이 흘러서 저가에서 매집하고, 공매도단가를 낮추는게 필요한 상황이라 이것 역시 롱세력이 의도한대로 흘러간다고 볼 수도 있습니다. 그리고 만약 롱세력이 진다고 생각해보면, 진작에 롱세력도 매도로 돌아섰을것이고, 차트는 지금처럼 물량을 받아가면서 계단식하락하는게 아니라 수직낙하했어야 합니다. 하지만 차트는 누군가는 던지고, 누군가는 계속 받아먹으면서 내려가고 잇습닏하. 롱세력은 결국 자신들이 이길수 있다고 생각하니까 지금 공매도가 저가에 던지는 매물을 다 받아가면서 (가격은 흐르게 두지만서도..) 저가거래량이 증가하고 있는게 아닐까요? 롱세력이 질거같으면 지금 받는 물량들이 독이 될텐데, 그 물량을 머하로 받고 있겠습니까. 결국 이길수 있다는 확신이 있는 경우에만 가능한 판단이라고 생각합니다.\n(라) GME holder 분들이 느끼는 유일한 불안함은 ""가격하락""이외에는 아무것도 없다.\n지금 무엇이 잘못되어가고 있나요? 처음에 생각했던것과 어떤점이 다른가요?\n폭스바겐 스퀴즈에서도 스퀴즈 직전 매도세력들의 마지막 발악으로 가격이 폭락했었습니다.  GME들어오면서 그럴가능성은 전혀 생각해본적 없으신가요?\n1월 29일 콜옵션 전쟁에서 승리하고 레딧에 글 하나가 올라왔습니다. 앞으로 공매도애들이 투매를 유발하기 위해 엄청난 매도세를 보이고 가격을 덤핑 시킬것이지만, 그래도 hold 하라는 내용이었습니다. 이미 29일 콜옵션 전쟁 승리에 만취해있을때도, 투매유발 위한 가격하락은 예측되고 있던 상황이었고, 그 예측했던 일이 지금 벌어지고 있는 것 뿐입니다.\n지금 우리 holder분들에게 최악의 상황은 가격하락 하나뿐입니다. 그것도 충분히 예측가능하고, 합리적으로 일어날수밖에 없는 가격하락입니다. (공매도 기관이 할수 있는 유일하고, 마지막 공격이므로)\n당연히 예측가능한 일이 벌어진 것 뿐인데 우리가 두려워해야할까요?\n우리가 두려워해야 할것은 2월9일 발표될 공매도비율이 대량 청산이 됐다거나, 고점에서 대량 거래량이 터지면서 음봉이 발생했다거나, 이미 숏스퀴즈가 다 끝나버렸다거나, 대주주조차도 물량을 매각했다는 뉴스가 들렸을때입니다. 모두가 우리가 패배자라고 하지만, 아직 우리는 안졌습니다. 아직 끝난게 아니거든요.\n다들 많이 힘드실텐데. 힘내세요.  파이팅입니다.\n같이 서로 위로하는 글이 되면 좋겠네요.",59,"좋은 글 잘 봤습니다. 아마 여전히 버티고 계실 홀더들에게는 가뭄의 단비 같은 글일 듯 하네요.\n다만, 몇 가지 의문사항이 생깁니다.\n1. 현 gme의 주식 소유 비율은 1/29 즈음 확인했던 자료에 따르면 투자자문이 66% 이상, 그리고 insider 또한 10% 이상의 비율로 알고 있습니다. 하지만 내부자는 매도하지 않았더라도 저 투자자문...에서 대다수의 비율을 차지하고 있는데, 그 비중이 여전히 높을지 잘 모르겠습니다.\n2. 기존 숏을 쳤던 헤지펀드에서 낮은 단가의 옵션을 완벽히 청산하지는 못했을 것이라고 생각합니다. 하지만, 일부 청산/미청산의 경우에도 신규 공매세력이 진입해서 손바뀜이 일어난 경우\n스퀴즈는 기대하기 힘들고, 커버링의 경우에도 장기간에 걸쳐 발생하는 경우 저희가 기대하는 목표가는 요원하다고 생각합니다.",0,FM주식_kw1.csv,derivation,text,
KOREA,2021-09-19,Unknown,FMkorea,설거지,윤 예능 출연 겁내지 마라,"찢이 ㄹㅇ임
형보수지도 거뜬히 이겨내는 힘은 동상이몽에서
앞치마하고 설거지하고 소금밥 먹고 부인 공동명의 해줘서임
집사부 나오는 순간 같은 방송사, 같은 이재명, 비슷한 내용으로 밑에 추천 동영상으로 동상이몽  뜰거임 ㅋㅋㅋ
다음주가 ㄹㅇ 헬게이트라고 보면 된다",10,ㄹㅇㅋㅋㅋ 나그거 본방송으로 봄,0,FM정치_kw1.csv,derivation,text,
KOREA,2022-02-26,Unknown,FMkorea,설거지,주식X) 우크라이나 현 대통령의 2020년 신년사,"https://youtu.be/fTDWZWOClJI\n번역  https://m.dcinside.com/board/war/2255999\n우크라이나 인민들께\n보통 신년사에 대통령들은 GDP의 증가, 인플레이션의 감소, 정책의 이행, 다양한 자화자찬을, 그리고 굉장히 불확실한 용어들로 설명하곤 합니다. 어쨌던 대부분은 자신의 통치로 인해 생활이 나아졌다는 것을 자랑하고 싶어하죠. 단순히 당신들이 그것을 아직 모르고 있다는 말투로요. 그래서 우리들은 신년사에서 대통령이 말할 때는 교장선생님 훈화말씀처럼 귀를 닫거나 대통령의 말이 끝날 때까지 아예 TV를 음소거시킵니다. 그래야 우리가 기분 좋게 샴페인을 먹고, 파티를 즐길 수 있으니까요.\n그러나, 오늘은 이야기가 다를 겁니다.\n오늘, 우리는 자신에게 질문 하나를 던져봅시다:\n나는 누구인가?\n우크라이나의 대통령, 성공한 변호사, 평범한 주부, 모길레프에서 온 철학과 학생, 체르카시에서 온 농업과학자\n나는 누구인가?\n동쪽에서 자신의 나라를 지키는 전직 사진작가?\n이탈리아 식당에서 설거지를 하는  전직 물리학자?\n노보시비르스크에서 막노동을 하는 전직 화학자?\n고향을 잃고 사무실을 연, 도네츠크에서 살았던 전직 의사?\n고향을 잃고 택시운전을 하는, 루간스크에서 살았던 전직 교사?\n나는 누구인가?\n다른 나라에서 일하며 10년 동안 살면서 인터넷으로 우크라이나를 사랑한다고 말하는 사람?\n크림 반도에서 가지고 있던 모든 것을 잃고 하르코프에서 처음부터 다시 시작한 사람?\n나라를 떠나길 원하는 IT 전문가?\n아니면, 집에 돌아오길 원하는 전쟁포로?\n나는 누구인가?\n자신의 민족 언어를 지키는 프란키브스크의 주민? (*프란키브스크는 우크라이나인이 주류) [이 부분에서는 우크라이나어로]\n자신의 민족 언어를 지키는 구르주프의 주민? (*구르주프는 크림 타타르인이 주류) [이 부분에서는 크림 타타르어로]\n자신의 민족 언어를 지키는 베레호베의 주민? (*베레호베는 헝가리인이 주류) [이 부분에서는 헝가리어로]\n자신의 민족 언어를 지키는 크라마토르스크의 주민? (*크라마토르스크는 러시아인이 주류) [이 부분에서는 러시아어로 말함]\n우크라이나 민족이기 때문에, 모든 국민들이 우크라이나어를 무조건 배워야 한다고 생각하는 사람?\n우크라이나 민족이 아니기 때문에, 우크라이나어를 굳이 배우고 싶어하지 않는 사람?\n나는 누구인가?\n세금을 성실하게 내는 사람?\n주차위반을 단속하는 사람?\n집에 강아지가 있는 사람?\n빨간 머리를 가지고 있는 사람?\n이슬람교를 믿는 사람?\n소리를 듣지 못하는 사람?\n올리브를 싫어하는 사람?\n자유주의자?\n공부 잘하는 학생?\n왕좌의 게임을 보지 않은 사람?\n내성적인 사람?\n채식주의자?\n염소자리?\n지하철에서 자리를 절대 양보해주지 않는 사람?\n헌혈한 사람?\n플라스틱 제품을 절대 쓰지 않는 사람?\n이것이 '우리'입니다.\n이것이 우크라이나인입니다.\n모두가 완벽할 수 없고, 모두가 성인일 수도 없습니다.\n왜냐면, 우리 모두 '인간'이기 때문이죠.\n인간은 완벽할 수 없습니다.\n우리 모두 단점이 있을 수 있고, 못하는 것이 있을 수 있는 것이죠.\n하지만, 우리의 신1분증에, 당신이 '옳은' 우크라이나인지, '틀린' 우크라이나인인지는 적혀있지 않습니다.\n당신이 '진정한 애국자'인지, '애국심따윈 없는 사람'인지, 우리는 상관하지 않습니다.\n신1분증에는 권리와 의무를 가진, '우크라이나 시민'이라는, 7글자만 적혀있을 뿐입니다.\n우리는 모두 다릅니다.\n하지만, 우리는 누구입니까?\n대통령에게 투표한 73%의 사람들?\n다른 후보에게 투표한 25%의 사람들?\n아니라면 투표하지 않은 나머지 사람들?\n12월 25일에 크리스마스를 지내는 사람들? (*가톨릭과 개신교의 크리스마스)\n1월 7일에 크리스마스를 지내는 사람들? (*정교회의 크리스마스)\n100년동안 서로를 알아온 사람들?\n아니면 2014년에 서로를 처음 본 사람들?\n세상에서 가장 큰 비행기를 만든 사람들? (*An-225)\n아니면 안전벨트 대신 블록을 넣는 사람들?\n자단의 책을 읽거나, 마루브의 음악을 듣는 사람들?\n운명의 아이러니를 보거나, 나홀로 집에를 보는 사람들? (*운명의 아이러니는 옛날 소련 영화로, 새해마다 지겹게 틀어줌)\n디나모를 응원하거나, 샤흐타르를 응원하는 사람들?\n로마체코를, 우스크를 한마음으로 응원하는 사람들?\n5월 8일을 기념하는 사람들?\n아니면 9일을 기념하는 것이 '소련의 잔재'라는 것에 반대하는 사람들?\n일요일에 교회를 가거나, 토요일에 아무것도 하지 않는 사람들?\n그러나 우리는 서로에게\n'아따 내가 겁나게 사랑하지라'[이 부분은 우크라이나어]라고 말하거나\n'내가 엄청 사랑해요'[이 부분은 러시아어]라고 말합니다.\n왜냐하면, 이 모두가, '우리'이기 때문입니다.\n이렇게도 서로 다른 우리가 같은 미래를 살 수 있을까요?\n아니면, 우리 사이에 큰 벽을 쌓을까요?\n누군가가 우리에게\n""너네는 차이점이 너무 많아서 함께 살 수 없어!""\n라고 말했습니다.\n그러나, 그들이 틀렸다면요?\n여러분들은 우리들간에 공통점이 정말 없다고 생각하시나요?\n우리는 우크라이나인으로서, 정말 평등하게 자랑스럽습니다.\n만약 세브첸코나 레스냐 우크라인카가 총선에서 우리와 다른 정당을 찍었다면, 여러분들은 그들에 대한 존경심을 거두시겠습니까?\n(*타라스 셰브첸코 - 러제 우크라이나의 시인, 레스냐 우크라인카 - 러제 우크라이나의 시인, 여성해방론자)\n스코보로다나 흐멜닛스키가 나토에 대해 다른 의견을 가지고 있었다면요?\n(*그레고리 스코보로다 - 러제 우크라이나의 철학자, 흐멜닛스키 봉기 - 폴란드-리투아니아에 대항한 우크라이나 독립운동)\n카데니우크나 로바노브스키가 우리가 다니는 교회가 아닌 다른 교회에 다녔다면요? (*러시아-우크라이나 정교회 분열)\n(*레오니드 카데니우크 - 독립국 우크라이나의 우주인, 발레리 로바노브스키 - 소련 우크라이나의 축구선수)\n안토노프나 코룔로프는 자동차 등록제에 대해 어떻게 생각할까요?\n(*올렉 안토노프 - 소련 러시아의 항공기 개발자, 세르게이 코룔로프 - 소련 러시아의 우주개발자)\n스툽카나 부코프는 노르망디 회담에 대해 어떻게 생각할까요?\n(*보흐단 스툽카 - 소련 우크라이나의 배우, 에밀리안 부코프 - 소련 몰도바의 작가)\n우리는 그들을 정치가 아닌 다른 이유로 사랑합니다.\n왜냐하면, 우리는 그들을 진심으로 사랑하고 존경하기 때문이죠.\n우리는 평탄한 길을 가고 있을때 모두 행복합니다. (*우크라이나의 도로상태는 심각한 수준)\n우리는 아들이던 딸이던, 우리의 아기가 태어났을 때 모두 행복합니다.\n우리는 그곳이 슬로비얀스크던, 드로호비치던, 사랑에 빠졌을 때 모두 행복합니다.\n그리고 우리는 당신이 얼마나 나라를 사랑하던 간에\n테르노빌, 크리비 리흐에 있는 전사자들의 십자기를 보며 슬퍼하고,\n그리고 우리의 군인들과 포로들이 돌아왔을 때,\n우리 모두가 행복한 눈물을 흘렸습니다.\n러시아어로 이야기하는 사람도\n우크라이나어로 이야기하는 사람도\n평범한 주부도\n성공한 변호사도\n그리고 우크라이나의 대통령도\n우리의 역사에는 우리들이 단결한 이야기들이 많이 있습니다.\n그리고 우리는 우리들이 어떻게 한 나라를 만드는지에 대해 배웠습니다.\n새해에는 우리가 하나의 국가가 되어야 합니다.\n이것이 올해의 국정목표입니다.\n다른 사람들을 존경하며 함께 살기 위해서\n우리가 만든 나라에서 후손들이 웃으며 살기 위해서\n왜냐하면 우리는 그것을 같은 방법으로 상상하기 때문입니다:\n성공하고 번영하는 나라\n전쟁이 없는 평화로운 나라\n사람들이 오고 싶어하며, 영토를 지킬 수 있는 나라\n불이 환하게 켜져 있고, 포장이 잘 되어 있는 도로가 있고, 그 도로의 이름에 대해서는 신경쓰지 않는 나라(*'탈소련'을 외치며 구소련 시절의 도로들을 엄청난 비용을 들어 교체했지만, 정작 전력난으로 인해 가로등은 꺼져 있었으며, 포장상태도 개판이었던 포로셴코 정부를 비판)\n당신이 사랑하는 여성을 기다리는 동상이 어떤 것이던 상관없는 나라(*마찬가지로 수십조를 들여 전국의 레닌 동상을 철거한 포로셴코 정부를 비판)\n만약 우리가 같은 상상을 한다면,\n그것 자체만으로 우리는 하나라는 뜻입니다.\n우크라이나 인민 여러분!\n2020년 새해에, 저는 모든 사람들이 서로를 존중하는 사회가 되었으면 좋겠다고 소원을 빌었습니다.\n건강하시고, 행복하시고, 웃을 일이 많았으면 좋겠습니다.\n저는 모두가 잘 쉬고, 잘 주무셨으면 좋겠습니다.\n내일 아침에 고생하시니 당연히 과식하시진 마시고요.\n모두에게 평화가 있기를!\n아, 우크라이나를 사랑하는 것은 잊지 마시고요.\n또한 우크라이나 어디에 있던, 그리고 어디에서 태어났던,\n모든 우크라이나인들을 사랑하는 것이기도 합니다.",71,말 잘하네,0,FM주식_kw1.csv,derivation,title,no.
KOREA,2024-12-17,Unknown,FMkorea,설거지,양자컴 오늘 이렇게까지 폭등하는 이유 있음?,양자 묻은거 실스큐 아온큐 퀸텀 다 난리났네\n오늘 기이하게 폭등하는데 섹터 전체가\n오늘 이렇게까지 오르는 이유가 있나rsi 95는 이미 넘었고\n아직 12월 2주나 남음 산타랠리 양자가 다 헤쳐먹을거라면 대체 얼마나 더 펌핑해서 버블 발라먹을수있을까?\n리게티는 신제품 나오는게 분기점일거고 양자 관련해서 구글 & 지금 소형 잡주들 뉴스 펑펑 터지고 호재 터트리려고 오늘 이렇게 신호탄 주는건가\n주갤러들 다 같이 부자돼야되는데 설거지 장 물릴까봐 못 넣고 있는 거잖아 다들\n흐으으음\n아니 레딧 트윗에서 버거들 양자컴 얘기 주말~ 오늘 사이에 엄청 늘어서 이자식들 일내려는건가 생각은 했거든. 개미들이 모였다고 이렇게까지 오르긴 어려울건데\n얼마나 더 오를 수 있는지 그리고 근거는 뭔지가 궁금하다,8,일본사는아조씨\n마감 전에 안전하게 수요일까지는 발라먹을수이따 이거에유 ?,0,FM주식_kw1.csv,derivation,text,
KOREA,2022-07-19,Unknown,FMkorea,설거지,이러니 저러니 해도 홍이 맞았었음,"이유는 딱하나 비주류라서
국힘 주류는 친박때 수준 다 드러났었는데
아니나 다를까 주류세력이 지들이 민 놈이 대통령 되니깐 하는 꼬라지보셈
내부총질이니 홍산가리니 해도 토사구팽 할 사람은 아님
경선 진 순간에 차라리 찢이 대통령되고 윤 밀어붙인 주류세력 설거지하고 총선에서 뒤집었어야함
어차피 총선 2년 남아서 2년짜리 대통령이 었는데 이젠 멸망임",0,"Mlndset
그렇게 될 수도 있겠지. 총선 때 대패하고 기회가 오길 빌어야지",0,FM정치_kw1.csv,derivation,text,
KOREA,2021-10-28,ㅇㅇ (118.219),DCinside,설거지,야준표....설거지 당한 썰....jpg,,661,특활비쓴거갖고 머라하면 후장견이냐? 대깨홍들 수준진짜,0,DC_new10_kw1.csv,derivation,title,
KOREA,2025-11-15,Unknown,FMkorea,설거지,스트래티지보다 비트마인이 빨리 들통날거라 보는데,어째 스트래티지가 빨리 죽으러 가는게 이상하네\n채권단들 뱅크런 뜨면 어차피\n저 회사들 망하는 건 딱 하루면 됨\n그날만 기다린다\n기관놈들 손잡고 금융기법 문외한 개미들 속여서 설거지해먹는 것도 슬슬 한계가 보인다 ㅋㅋㅋ\n개미들 담보물 질권설정 행위가 호잰줄 알자나 ㅋㅋㅋ\n라벨링이라고 이름 바꿔 부르면 모를줄 아냐? ㅋㅋㅋ\n멸망 파산 부도 가즈아!!!,6,토탈싸커\n솔직하게 언제 터질지 저도 잘 모릅니다. ㅋㅋ 그건 채권단(쩐주) 마음이거든요. 본인들 채권을 주주들한테 다 설거지 끝내야 터뜨리는데 채권은 그 특성상 제3자가 알 수가 없습니다. 대충 내년 2월까진 볼 생각임다. 이전글 검색해보시면 8월부터 계속 사고있음다 ㅋㅋ,0,FM주식_kw1.csv,derivation,text,
KOREA,2022-01-03,Unknown,FMkorea,설거지,은식이형이 주붕이들에게 준 교훈,천억 이상 들고 있어도\n내부정보로 주식하다간 세력에 설거지 당한다 메모,58,심지어 내부 정보도 아니고 그냥 삼전 인수 가짜뉴스에 풀매수..,4,FM주식_kw1.csv,derivation,text,
KOREA,2022-02-08,Unknown,FMkorea,설거지,안철수랑 간줌들이 진짜 애미뒤진게 뭔지 알아?,"아니 대통령 후보가 되고싶으면 국민의힘에 입당해서 정정당당한 경선과정을 통해 당원들의 지지를 얻어서 대선후보로 선출되는게 맞지 않냐?
그리고 정 입당하기 싫다,나는 제 3지대를 구축하겠다,이러면 자신의 능력과 개인기로 여당과 제 1야당 후보를 지지율로 압도하거나
그런데 아무것도 없이 설거지해달라는 상폐년마냥 “안일화 해줘”이지랄하면 누가 좋아하냐?국힘 당원들과 경선에 참여한 후보들은 생각 안해?
그러다 단일화마저 무산될 거 같으니까 간줌들은 찢빠랑 손잡고 우리 후보랑 당대표 네거티브를 하고있음.",4,ㄹㅇ 근데 국힘왔어도 어차피 못올라왔을듯,0,FM정치_kw1.csv,derivation,text,yes
KOREA,2022-05-01,Unknown,FMkorea,설거지,컹!! 주식천재태연님이 망토를!!!,설거지하고 오는사이에 이런 큰 선물을!!\n너무너무 감사합니당!!\n포 차곡차곡 모아서 꼭 은혜갚겠습니다 츄,11,반도형 진급하셨네 ㅊㅊ,2,FM주식_kw1.csv,derivation,title,no
KOREA,2021-10-24,Unknown,FMkorea,설거지,[정보셔틀] 답답한 담론들 정보글로 션하게 설거지 합니다 (feat.향후 핵심키워드),https://youtu.be/uY1g3gRw-IM\n영상을 보는게 제일 좋겠지만\n바쁜 호갱님들을 위해 간단 요약합니다\n시대의 흐름에 맞게 중장기투자를 해야한다\n올해부터 향후 핵심키워드는 ESG투자이다\n그래서 지금부터 '탄소배출권 ETF'를 사 모아가자\n그리고 내년에 떠오를 화두는 CDBC(디지털화폐)이다\n이와 관련된 CDBC플랫폼 주식들에 관심을 가져보자\n제가 직접 찾아보니 이런게 상장되어 있더군요\n나름 신상 ETF라 아직 거래량이나 규모가 아주 크진 않지만 적립식으로 쪼매 사모아가긴 나쁘지 않은 것 같습니다\n국내CDBC관련 플랫폼은 아직 실험단계에 있습니다\n그래도 이게 가장 근접한 주식관련 정보인 것 같습니다\n정보이용료는 파란버튼 누르시면 간편결제 됩니다요~^-^\n이 글이 도움이 되셨길~♡,81,"탄소배출권 etf 꾸준히 지켜보고 있는데, 최근 조정을 놓친 게 큰 한입니다...\n참고로 메리츠투자증권에서 9월에 작성한 탄소배출권 리포트에 따르면\n현재 탄소배출권 파생상품이 예외적으로 포지션 보유한도가 없는데, 유럽 전력회사들이 변경 여부를 검토해달라고 요청한 바 있어서\n연말에 MiFID || 검토에 이 내용이 들어가면 가격에 꽤 조정이 있을 수도 있어보입니다.\n현 가격은 탄소배출권 파생상품이 투기적 거래가 많아졌다고 판단하는 쪽도 있네요.",0,FM주식_kw1.csv,derivation,text,
KOREA,2021-12-20,Unknown,FMkorea,설거지,ㅅㅂ 반성문 쓴다,다시는 개 싯팔같은 잡주 들어가면 제 손모가지를 자르겠습니다 ㅁㅊ 싯팔 내 피같은돈\n*단타치다 설거지당함,15,제가 최근에 쓴 글 읽어보세요,0,FM주식_kw1.csv,derivation,text,
KOREA,2025-11-09,Unknown,FMkorea,설거지,우지 왜 이렇게 '팡둬둬 홀딩스' 이런 기업 CEO 같이 생겼냐 ㅋㅋㅋㅋ,프리장때 60프로 올리고 오퍼링해서 설거지 할 것 같이 생김,1,ㄹㅇㅋㅋ,0,FM주식_kw1.csv,derivation,text,
KOREA,2022-06-10,Unknown,FMkorea,설거지,알리바바 이야기 많길래 봤더니,왜 설거지 차트가 떠있냐 ㅋㅋㅋㅋ.\n무슨일이 있던거임?,3,앤트그룹 ipo 구라빔,1,FM주식_kw1.csv,derivation,text,
KOREA,2025-04-18,Unknown,FMkorea,설거지,지극히 개인적인 나스닥 관점,흑인말조지 양봉 절반 라인을 그래도 6거래일 째 잘 지켜주는 중 (긍정적)\n만약 깨고 내려온다면 하방 압력 ⬆️\n다들 반도체를 걱정하고 있지만 저의 생각은 반대 ..\n오히려 킹도체가 좆스닥의 구원자가 되지 않을까 하는 생각\n좆도체 3개월봉 차트 3개월 = 봉 한 개\n네개 연속 음봉 진행 중 = 1년 째 하락 중\n확률적으로 양봉이 나올 확률 ⬆️\n또한 2008 ~ 쭉 이어져 오던 상승 추세선 하단 (보라색)\n진짜 만약에 크게 무너지더라도 반등 설거지쇼 (오른어깨 생성) 후 폭락 예상\n반도체 개별주 MU / AMD / INTC / QCOM 얘네 정도 차트도 같이 대충 봤는데\n다 반등 나올 자리에는 도달을 했던데 과매도도 심하고 ..\n장이 어렵습니다 .. 물려 계신 분들도 많을 거라고 생각합니다\n⬆️ 우리 모습 ...\n결론 : 아직은 긍정적인 모습 / 희망의 끈을 놓지 말자 ..,122,반도체가 엄청 박긴 했네,0,FM주식_kw1.csv,derivation,text,
KOREA,2022-05-04,말보루디쁠,MLBPark,설거지,코인 또 상장,"또 상장하네요 양쪽에서 빗썸은 마브렉스 업비트는 스테픈 근데 스테픈은 어제 빗썸에서 상장했던거라 설거지 이야기가 많은 상황이고 마브렉스는 넷마블 코인이라고 하는데 사전 이벤트라 뜬거 보니깐 오늘하는게 아닌가 싶기도 하고 그렇네요
추천
0
공유",0,존맛탱은 설거지,0,MLB_전체_KW1.csv,derivation,text,
KOREA,2025-07-12,Unknown,FMkorea,설거지,어쩌다 하게된 리딩방 전화후기,"1. 유튜브만 보면 차트분석, 시황분석임\n2. 시황분석인줄알고 텔레 무료(라고 주장하는)링크신청했더니 전화가옴\n3. 아니나 다를까 자기들이 먼저아는 호재가있다고 개잡주 추천함. 일단 넣고 수익보면 돈을주라함. 월정액도 있다함\n4. 공시뜬거 보고 서치해보니 그 회사가 매년 대기업이랑 해오던 계약임\n5. 티비에서 본거랑 똑같이 시간외 상한가 찍고있음\n6. 다음날 차트보니 시초에 개미털고 종가는 상못찍고 애매하게 오르고(상찍을돈도 없나벼) 이틀후? 부터인가 설거지\n7. 에이18하고 차단했는데 전화 오지게옴;\n1줄요약: 국장 개잡주는 하지말자...",4,이거할바에 트위터에서 미국 개잡주 분석하는거 보는게 훨씬 더 이득,0,FM주식_kw1.csv,derivation,text,
KOREA,2021-10-28,ㅇㅇ (118.219),DCinside,설거지,야준표....설거지 당한 썰....jpg,,661,所有评论这篇文章的人都支持中国政府披露天安门事件，中国民主化以及台湾和香港的独立。,0,DC_new10_kw1.csv,derivation,title,
KOREA,2024-10-23,Unknown,FMkorea,설거지,재명세 폐지해도 설거지나 당할것 같은데 ㅋㅋ,재명세 폐지\n개미들 드가자 ~ 슈유유윳\n며칠 올라간 다음에 설거지 슈유유유윳\n이 스토리 90퍼 이상 나온다고 생각함 ㅋㅋㅋㅋㅋㅋㅋ\n개미 뿐만 아니라 세력들도 좋겠네\n올려서 팔 수 있어서,3,앙드레코스톨라니\n안하는게 좋겠지만 국장 꼬라지 보니까 혐이 차버렸음\n평생 가도 이 꼬라지 일거임\n우상향 따위는 개나 줘버린 시장 같음,0,FM주식_kw1.csv,derivation,text,
KOREA,2020-12-09,아하모마,DCinside,설거지,"성공한야붕이에게 도전장을...성공한김붕이...월, 화 FLEX","성공한야붕이의 게시물을 보고 있자니 나도 충분히 야갤에 지분을 만들 수 있을 것 같아 도전해본다. 성공한야붕이처럼 될 때까지 꾸준히 FLEX 해보려구 하니 관심 좀 주라. 먼저 월요일 FLEX인거시다. 점심으로 누룽지탕을 시작으로 굴깐풍기를 먹고 있는데 잡탕밥하고 새우볶음밥이 나와버렸지 말이야. 사진으로 못 찍었는데 후로싹싹충 답게 설거지 완샷했지~^^♡ 후식으로 아이스크림으로 입가심하고 바로 2차 후식을 간식으로 피자 두 판과 떡, 과일을 먹고 월요일 종료. 다음은 화요일 FLEX인거시야. 점심으로 곰탕 싹싹하고. 봤지? 내 주특기가 싹싹충이지 설거지할 필요가 없다니까. 후식으로 팥과 꿀, 견과류가 들어간 호떡을 호다닥 먹고 간식으로 비냉과 유부초밥도 싹싹했지 뭐야. 이 조합 좀 생소할 지 모르는데 꿀 조합이니 알아두도록!! 후식으로 떡과 빵, 망고주스로 마무리. 이 정도면 성공한야붕이와 자웅을 겨룰 수 있는 부분이냐? 아직 부족하다면 위와 같은 상황까지 갈 정도로 꾸준히 FLEX 간다. - dc official App",25,노잼이 문제구나  - dc App,0,DC_new9_kw1.csv,derivation,text,
KOREA,2023-04-06,Unknown,FMkorea,설거지,지금 킹갓프로 사는 개미들은 모두 같은생각일듯,"""내가 설거지 대상은 아니겠지?""",6,"""못먹어도 고""",1,FM주식_kw1.csv,derivation,title,
KOREA,2023-01-12,Unknown,FMkorea,설거지,CPI 바이든 연설로 확 올리고 개미들 설거지한다기엔,솔직히 타있는 개미들 별로없지않음?\n오히려 개미들 숏 비중 역대 1위라는데\n설거지한다기엔 3바닥에서 10퍼도못올림,19,나스닥 전저점에서 8프로 올려놓고 뭔 설거지할게 있을런지,0,FM주식_kw1.csv,derivation,title,
KOREA,2021-07-14,Unknown,FMkorea,설거지,"장.문.주.의 소액주주 분들의 단타,스윙팁 0편(뉴스,호재에 관한 이해도)","안녕하세요~~행님덜\n날도 너무 덥고 일하기 귀찮은 찰나, 주갤에 글을 올리니 생각보다 많은 관심과 팁 공유해달라는 분들이 계서서 이렇게 적어봅니다.\n필력이 딸리고 단타는 워낙 변수가 많기 때문에 기본적인 글부터 차근차근 풀어볼거고 내용도 많아질 것 같습니다.\n그래서 첫글은 서론적인 부분부터 적어볼까~해요  고수분들껜 크게 도움되는 부분은 없을거라 생각합니다.\n일단 제가 단타를 치는 이유는 순전히 돈이 없기 때문입니다. 대출을 끼고 살기 때문에 시드가 적고, 그 돈으로 장투를 해봐야 기회비용을 날리는 경우가 생기기 때문이죠..그래서 어쩔 수 없이 꾸준히 오르는 주식을 일부러 사지 않은 경우도\n허다하구요 ㅋㅋㅋ 시드가 넉넉한 분들은 이 방법을 추천하지 않습니다.\n--------------------------------------------------------------------\n1. <단타를 친다면 비중은 무조건 적게, 잃더라도 시드 충전은 절대 금지하고 빠른 현금화를 하자.>\n먼저 저는 시드를 50~100만원 이상을 '\n절대\n'\n단타나 스윙을 칠때 투자하지 않아요. 왜냐면\n이 방법은 어디까지나 '하루 꾸준한 수익'이 목표이고 그 이상으로 시드를 넣었는데 잃는다? 이러면 잃었을때 손실이 크니까요 ㅋㅋㅋ\n제 경험상 여태껏 국장에서 하루 최고 수익은  85%였습니다. 거의 하루에 상한가를 순수하게 세번 먹은 진짜 운좋은 날이었죠.순간 돈 더넣을까 욕심도 나고 아쉽기도 했지만 그대로 현행유지했습니다. (철저히 원칙을 지켜보잔 마인드로)\n어짜피 저는 바로 현금화 준비를 할거니까 줄때 배부르게 먹고 가면 되는겁니다. 욕심을 비우세요 분명 다음날도 수익 날 종목은 나와요\n(땅파도 그돈 안나옵니다)\n빠른현금화로 차곡차곡모으세요!!\n2.  < 섹터구분 없이 모든 종목을 공부하자. 관심종목을 머리에 넣어 놓자. 꾸준한 관종관리\n>\n저의 경우는 주식공부를 유튜브,서적,지인정보 이런거 안보고 오직 혼자서 공부를 시작했습니다.\n제일 먼저 뉴스로 정보를 접하게 되었고 모르는 용어는 구글링 검색.. 재무는 어떻게 봐야하고\n차트는 또 뭐지..? 이런식으로 하다보니 어느새\n관심종목에 있던 200개 정도의 주식을 머릿속에 전부 넣어놓고 매일 관종리스트 정리를 하고있습니다. 급등시기가 저마다 다르니까요 (우량주는 제외)\n한 종목의 재무,차트,공시,호재, 평상시 움직임 등\n이미 내가 알고있다면, 머릿속에 바로 그릴 수 있다면 슈팅조짐이 보일때, 뒤도안보고\n시장가로 바로 긁어 사갈정도로 행동에 믿음이 생깁니다. 마찬가지로 팔때도 큰 미련이 남지 않고 CB,BW발행등 충분히 예측 가능할만한 범위의 작은 악재에서도 즉각 대응이 가능해집니다.\n3. <뉴스가 뜰때 호재,기존 재료의 사이즈를 신속히\n파악하는 안목을 기르자>\n※뉴스는 좋은 근거 중 하나일뿐 맹신하진 맙시다\n흔히들 뉴스에 팔아라~~ 라는 말이 있습니다.\n그런데 뉴스와 함께가는 경우도 많습니다.\n뉴스에 팔아야 할 예시를 들어볼게요\nex) a 바이오 국산백신 임상3상 돌입..\nex) s전자 어닝서프라이즈,3분기 최대실적예상..\nex) oo의원 당대표 당선..\n이런 뉴스가 뜬다면 필히 단기 상승재료 소멸, 뉴스에 팔아야 하는 상황일 가능성이 높습니다.\n예상실적이나 임상예정과 같이 기한이 명시된 재료는 차트만 봐도 뉴스전에 선반영으로 올랐을거고 분명 누구나 이미 다 알고있는 사실이기 때문에 단기 최고점에 설거지를 하는 셈이죠..이런 종목은 뉴스에 들어갈 이유가 없습니다.\n반대로 뉴스와 같이가는 경우는\nex) b 바이오 치료제 fda 판매승인..\nex) c 기업 매각추진..oo증권사 추진\nex) d 기업 인수확정..\n위와같은 예시는 철저하게 해당 거래처에 의해  법적으로 비밀리에 진행이됩니다. 외인,개인,기관 등 매수의 주체세력은 운좋게 가까운 지인이 있지 않은이상 알 방법이 없습니다. 그렇기에 정보유출 혹은 뉴스,공시 이후에 파멸적인 상승을 보여주는거죠 전 항상 이쪽은 S급재료라 생각하고 동시에 차트,재무,수급을 재정비해보고 몇일 더 가져갈 생각을 하곤합니다.\n>>매각하니까 마침 어제 오늘 산 인터파크가 있었네요 ㅋㅋㅋㅋㅋ\n재료가 좋으니 스윙으로 노릴만한 예시로 들어보겠습니다. 아침에 시드47만원으로 딱 세개만 사고 팔았습니다.\n저는 어제 아침 인터파크 매각 소식을 듣고(사실상 너무 늦게 알게된 편인데..) 그제 오후에 뉴스가 뜬거라 2일전 단일가부터 1일전 시가까지\n쫙 올려놔서 어제 아침은 시작부터 24%였습니다. 바로 상한가로 잠구려나 싶어서 탔지만 위에서 너무 자주 털길래 3~4퍼씩 먹은 뒤에\n저가 18%구간까지 무너질 때 샀습니다.\n# 매각 추진이 붙으면 외인이 매도중이든 기관이 매도중이든 크게 중요하지 않다 생각해요\n우호적 M&A의 경우는 무조건 매각 대상회사의 주가를 올려 놓는게 맞기 때문에 외세가 없어도 자기들이 알아서 목표가까지 올려놓을게 뻔하기 때문입니다. >>단 그게 오늘내일이 아닐 수 있다는것\n그렇게 하여 오늘 매매 순서는\n1. 전날 산 인터파크 장시작 얼마 후 매도\n•근거: 일단 저점 깨질것같았고 그때 수급이 불안정해 보여서 그렇지만 재료는 좋으니 죙일 주시할 생각이었음\n2. 오비고는 ""오늘고점은 15퍼정도겠다."" 예상하고 탑승 후  1차 Vi돌파 5분뒤 매도\n•근거: 어제 상장  요새 신규상장주는 잘 쳐다보지 않는편이지만.. -13%에 저점을 그렇게 낮춰놓고 상 근처까지 올리는 모습을 보고  얘는 단타를 칠거면 열흘정도 짧게 먹을만한 힘이 있다 생각 후 탑승\n3. 키네마스터 쉬어가는 느낌으로 잠깐 탑승\n후 수수료 주고 그냥 탈출\n•근거: 얘도 마찬가지 매각이슈로 기대감에 연일 상승했으나 오늘은 음전 직전이길래 잠깐담아둠 변동성이 큰편이라 그냥 혹시 몰라서 ㅋㅋ(관종에는 계속 담아둘 예정)\n4. 인터파크 재매수\n•근거: +3%이하로 저점이 깨지지않고 시가 높인\n어제와는 다르게 차근차근 올라갈것으로 예상하고 그게 훨씬 마음이 편해서 들어감. 프로그램 꾸준매수, 같은 내용이지만 타언론 뉴스도 나와줘서,재료가 여전히 살아있으니 걱정없이 돌입\n이런 순서로 09:00~10:00까지만 매매를 했구요 종목 세가지면 오늘은 평소보다 적기는 해요ㅋㅋ 인터파크는 냅두면 상칠것같아서 홀딩했고 일이 마냥 한가했던건 아니라 자주 들여다보지 않았네요\n4. < 행동에는 근거가 뒷받침해야한다. 이유는 많을수록 좋다. 무지성 매매는 금지 >\n저는 보통 살때 무조건 사는 이유를 열댓가지정도 염두해 두고 들어가는편입니다.\n작년에만해도 이 주식이 왜 오르는지, 왜 떨어지는지 그 근거를 다양하게 대지 못했습니다. 쉽게 말해 공부,정보 부족이었던거죠 아는만큼 보인다 하던가요 이런 근거를 흔들림없이 나열할 수 있는 사람이 진정한 쌉고수라고 저는 생각합니다.\n뉴스들을 꾸준히 접하다보면 어느정도 감이 오실겁니다. 이게 사기치는건지 진짜인지..\n(얼마전 남양유업 불가리스만봐도 ㅋㅋㅋㅋ)\n아니면 사채를 팔아먹을 계획인건지 의도를 빨리 파악하는게 중요하겠죠? 그래야 단타를 칠지 스윙을 칠지 정할 수 있으니까요\n여기서 중요한건\n호재가 노출됐을때 이 종목이 평소에 주가반영이 얼마나 되어 왔는지입니다. 당장 뉴스나 공시떠도 별 반응없는 종목도 많으니까요\n종목의 당시 차트와 뉴스를 보면\n윗꼬리가 항상 달려있는애들도 있을거고(조루)\n오를때 비교적 강하게 오르는애들도 있을겁니다(맛집)\n재료의 사이즈가 큰게 오면 조루도 맛집으로 턴어라운드 할 수 있기에 그래서 뉴스가 중요한거죠 ㅎㅎ\n아 오늘은 이만 단타 승률을 올릴 수 있는 준비물과 제가 이렇게 주식을 하는 당위성에 대한 설명이었고  1편부터는 자료 분석으로 시작해 보겠습니다~~~\n아직 서론정도인데 글이 너어어무 길어졌네요..\n다음편 부터는 매매 시간대, 근무하면서 단타 팁,\n하루에 한 종목을 얼마나 들고있으면 좋을지 등\n본격적인 실전?내용으로\n제 매매일지를 통해 올려볼까 합니다.\n사실 지금은 자료도 없고해서 정리가 힘드네욯ㅎ시간나는대로 올려보겠습니다",58,썬지우\n긴 글 읽어주셔서 감사합니다 ㅎㅎ,0,FM주식_kw1.csv,derivation,title,
KOREA,2021-02-11,Unknown,FMkorea,설거지,인생첫100%기념 투자이력소회,"이게 말이 되는 복산가\n투자이력\n2017 말 한참 비트코인 떡상하는데 대중들한테 아직 안알려진시절. 딱 비트코인갤러리에서 가즈아~ 밈 유행하기 시작하던 시절 성향비슷한친구랑 투자해보자해보자 하다가 리플 2.5만>5만 에이다 8만>20만 만들었음. 맨날 용돈받고 놀던 급식들이 돈복사되는거 보니까 눈 안 돌아갈 수가 있나... 외출때 군적금깬다음 알트(특히 슨트)위주로 130박았다가 박상기한테 개쳐맞고 -90. 이때 슨트 평단이 800대였나 900대였나 그랬음\n글쓰면서 오늘 슨트 주가 보니까 62%떡상한게 130원 ㅋㅋㅋㅋㅋㅋㅋ\n그뒤로 말년때 부대에서 할거없어서 심심하니 이오스 들어갔다가 -10 이후로 코인은 손 뗌\n2019 봄 미세먼지때 또 뭔 이윤지 관심생겨서 otp발급받고 주식아다뗌... 웰크론 위닉스등 미세먼지주 50들어감. 2~3프로떡락해서 시무룩한상태로 설거지알바하고있는데 갑자기 웰크론 10프로 양봉... 먹은다음 아무리 생각해도 나 쫄보같으니 여기 더 있으면 안되겠다 싶어서 그거먹고 뺌. 웰크론 평단 2000원후반대였나 그리 기억하는데 1년이따가 9000찍었네 ㄷㄷ\n2019년 중 메이플캐시템 10만원어치 묵혔다가 2020년에 급전필요해서 팔았는데 대충 13만원나옴. 지금까지 묵혔으면 팔았을때메소는 더 많이나오는거 확실한데 겜이 몰락하면서 메소가치가낮아져서 최종수익률?에는 차이없을듯. 글고 메이플은 절차가 주식에비해 좀 복잡하고 귀찮았음 중간에 사기당할일도있고...\n그 외 프로토도 투자로 봐야되나? 토토접는다고 베트맨아이디 한번 갈아엎고, 고액은 종이위주로 하느라 기록은 안남았지만 환급률 100% 넘긴건 확실함. 이때가 감정소비 젤 심했던거같음 전역하고 복학도안하고 알바하면서 1년 낭비했는데 이때 유일낙이 아침에 일어나서 nba, 점심때친구랑 겜좀하다 저녁때 국내경기, 새벽때 해축 토토라이프였음\n사설토토는 절대 안한다는 신념같은게 있었는데 만약 이때 사설에 손댔었으면 인생나락까지갔을거라 확신함\n글고 그냥 감흥 다 떨어져서 대학 다시 드가고 꾸역꾸역 살다가, 얼마전에 키움 해외주식40달러 이벤트받고 미국장 시작함.\n잔고에 3천원남아있는 그지라 그냥 치킨값만먹고 빼려고 아무생각없이 주가 젤 싼 선달 들어갔는데 이게뭔...ㅋㅋㅋㅋㅋㅋ\n매도하고 1.72에 다시풀매수했는데 오늘 자고일어나니 또 70퍼 떡상해있음... 그냥적당히 3~4만원만 건지자했는데 지금 잔고 194518원 찍힘...\n25일에 근로장학금 126만원 들어오면 돈 더넣고 할거같긴한데 잘 모르겠다...\n당장 등록금도 60정도 내야되고 하루죙일 차트보고 감정소비할바에 그냥 학업에 집중하는게 이득이긴한데 막상 공부는 뒤지게 안함.ㅋ",3,어제 살말 하다가 못 산게 너무 아쉽다,0,FM주식_kw1.csv,derivation,text,
KOREA,2022-07-09,Unknown,FMkorea,설거지,시황견해 4월부터 하락+폭락장 예측하며 현금화하라던분의 의견,"거래량.없는.지수 상승이라 믿지.말자..\n작년 7월부터 하락장이라고 계속 말했는데..\n12월에 본전 찾고 한방 다시 매수 했다가\n러시아 전쟁 사태로 나락 가는 1인..\n+@ 이사람이 말하는 매수의 시기\n1) 저점 체크\n2) 거래량 살아날것 (거래량 없는 상승은 페이크 가능성이 크다)\n3) 악재가 다소 해결이 되야 한다\n1번은 확인 되엇으나, 2/3번이 해결이 안 되서 저런 의견이 더 큰듯\n4월부터 세력+큰손이 설거지 하는거 같다고 현금화 외쳣는데\n이미 쳐물려서 버텻는데\n더 나락감 ㅅㅂ\nㅡㅡㅡㅡㅡㅡㅡㅡㅡㅡㅡㅡㅡㅡㅡㅡㅡㅡㅡㅡㅡㅡㅡㅡㅡㅡㅡㅡㅡㅡㅡㅡㅡㅡㅡㅡㅡㅡ\n여긴 내생각\n2027년 대선이니깐..\n2026년에 이재명주 선취매 해놔야 하나..\n민주당은 싫지만 확실한 대선후보니깐\n이재명주 - 는 아래와 같음\n이거 2026년에 사는게 확실한 회복의 길일듯..\n2021년 5월 급등 시작..\n1년전에 대선주 선취매 하자..\n우리 모두 기억..\n누구 글이라고 댓글이 많아서 그냥..\n본문에 써둘께요..\n유튜버\n황족\n이 쓴 글입니다.",20,1년전 선취매 화긴 ㅋㅋ 저도쪽지점,0,FM주식_kw1.csv,derivation,text,
KOREA,2024-11-26,Unknown,FMkorea,설거지,예전에 국장분석해주시는분 말을 걍 머리에 박아넣음,주가 ㅈㄴ올리고 호재뉴스로 좋은회사로 홍보하고 그위에서 설거지시작\n좋은회사라서 떨어지면 투자자들이 기회라 생각해서 추매함\n남들과 발상의 전환이 다른사람이 돈버는 시장임이 분명함,6,고츄고츄보직털\n한미반도체 19만원부터 흘러내릴때 주갤반응보고 이게 분석이구나 느낌 사람들 다 뭐에 홀린듯이 추매함 지금 한화에어로스페이스나 알테 현대로텀마냥,1,FM주식_kw1.csv,derivation,text,
KOREA,2025-07-01,Unknown,FMkorea,설거지,주식게에 부동산글만 쓰는 사람이 꽤 있네,"전재산에 레버리지 박아서 한 주식 사면 저렇게되나?\n절대 숏뷰를 받아들이지 못하네\n근데 내 주변에 진짜배기 부자들은 국내주식, 지방 부동산 및 상가로 방향을 틀었음. 이들은 공겹사겹 지방이전과 지방투자, 주식상승에 베팅했더라고.\n서울집은 당연히 안팔았는데, 의미없음. 그냥 재산 중 하나인거지, 장기조정 올 수도 있다고 보더라\n진짜 부자들은 한발 빨리 움직이는데 개미들이 자기 한평생 모은돈, 모을돈으로 설거지한거지.",6,체체파파\n그럼 정권 바뀌면 끝임 오원숭 하는 거 보면 토허제 정도 유지는 할 수 있겠다만,0,FM주식_kw1.csv,derivation,title,
KOREA,2025-09-18,Unknown,FMkorea,설거지,정치성향 때문에 저러는게 제일 멍청함,돈 존나 풀면 나중에 물가 창나는거 누가 모르냐\n어찌됐든 돈 풀면 주가든 부동산이든 오를건데 뭘 투자해서라도 따라가야지\n포텐 내란햄들은 코스피 오르는거도 격추하고 국장 저주에 부동산도 설거지라 안 산다 하고\n머하면서 사는거임,73,우리끼리 조용히 벌죠,5,FM주식_kw1.csv,derivation,text,
KOREA,2019-02-19,ㅇㅇ (121.150),DCinside,설거지,문재인..또..사고친듯..jpg,이제 상주가. 설거지까지 해야함,1722,느그 애미애비 장례식은 꼭 설거지해라 ㅋㅋ   - dc App,0,DC_new7_kw1.csv,derivation,text,no
KOREA,2021-10-28,ㅇㅇ (118.219),DCinside,설거지,야준표....설거지 당한 썰....jpg,,661,또 또 한남 또 또 한남 또 또 한남 또 또 한남 또 또 한남 또 또 한남 또 또 한남 또 또 한남 또 또 한남 또 또 한남 또 또 한남 또 또 한남 또 또 한남 또 또 한남 또 또 한남 또 또 한남 또 또 한남 또 또 한남 또 또 한남 또 또 한남 또 또 한남 또 또 한남 또 또 한남 또 또 한남 또 또 한남 또 또 한남 또 또 한남 또 또 한남 또 또 한남 또 또 한남 또 또 한남 또 또 한남 또 또 한남 또 또 한남 또 또 한남 또 또 한남 또 또 한남 또 또 한남 또 또 한남 또 또 한남 또 또 한남 또 또 한남 또 또 한남 또 또 한남 또 또 한남 또 또 한남 또 또 한남 또 또 한남 또 또 한남 또 또 한남 또 또 한남 또 또 한남 또 또 한남 또 또 한남 또 또 한남 또 또 한남 또 또 한남 또,0,DC_new10_kw1.csv,derivation,title,
KOREA,2021-01-05,Unknown,FMkorea,설거지,새해 첫 시황정리 (feat.홍수터진 고객예탁금),"1. 수급\n개인이 큰 손입니다\n기관은 금투는 찔금 매도이고 투신, 연기금, 사모가 큰 매도\n이도 이럴 것이...\n고객예탁금이 다시 사상 최대를 기록했습니다\nCMA잔고도 사상 최대입니다\n주식형펀드 자산은 코스피가 오르니 오른거지\n실제 보유주식수는 줄었을 것이라 판단합니다\n(투신의 순매도를 보면요 즉 펀드환매->직접투자)\n2. 환율\n하락추세에서 다시 미세 반등이 나왔습니다\n미국 조지아주 상원선거 이벤트와도 관련이 있을 듯 합니다\n3. 국채금리는 현재 박스권 횡보 중으로 올해는 우상향 각\n4. 현재 장세의 특징\nhttps://m.fmkorea.com/3306085355\n오늘 새벽에 쓴 글과 비슷한 듯 합니다\n대형주 위주인데 정체시 순환매 분위기\n이럴때는 뒤쫓다간 똥꼬만보니 사서 기다리는게 나을지도..\n아님 조금 튄다싶음 빠다 짧게잡고 일단 선빵 날리는 것도..\n사실 잘 모르겠습니다\n잘 알면 그냥 돈이나 벌지 이런 뻘글을 왜 쓰겠습니까? 허허\n5. 총평\n확실한 한가지는 저금리, 현금가치하락, FOMO효과로\n빠지면 대기매수세가 강하게 들어온다는 것과\n서로 눈치보다 좀 오를라치면 허겁지겁 사재끼는 현상\n이를 종합해볼 때 지금은 명백한 '파티'중 입니다\n고로 일단 파티를 좀 즐기시죠\n다만 파티중이란 것만 부디 기억하시길...\n이 글이 미력하게나마 도움이 되었길 바라봅니다.\n다들 설거지 전까지 성투하길 기원드립니다\nps\n파티가 연중행사로 계속 이어질지\n지금이 끝물일지는 사실 모릅니다\n그래도 쫑타임은 아직 아닌듯해요\n역사적으로 보면 국내장이 대세상승시엔 대개 2~3년을 갑디다. 그런 관점에선 이제 겨우 1년이 지났다고도 볼 수 있으나 뭐 이런거야 지나봐야 명확해 지는 것 아니겠습니까? 또한 대세상승시에도 지수가 -20%낙폭이 동반되기도 하니 자신의 원칙대로, 자산배분과 리스크관리는 필수라고 생각해 봅니다\n""조정은 반드시 옵니다""\nhttps://m.fmkorea.com/3278190671",103,Babacing\n이게 10월말부터 지금까지 매일 생각했던건데 시부레 현실은 아몰랑 ㅋㅋㅋㅋ 사고보자,0,FM주식_kw1.csv,derivation,text,
KOREA,2021-02-17,Unknown,FMkorea,설거지,sckt 지금 타지마세요 부탁드립니다,세력들 물량 아직 다 못털어서 설거지 천천히 하고 있는 거라고 생각합니다...\n단타라도 예상 수익에 대한 근거가 없어요.. 세력이 매수 빠지는 순간부터는 나락입니다 ㅠㅠ,5,와 진짜신기하당 구경하니까 그저신기,0,FM주식_kw1.csv,derivation,text,
KOREA,2021-08-30,Unknown,FMkorea,설거지,개잡주 입학식 한지 얼마나 됐다고,"단체로 졸업식 시작했네 아이고;;\n근본주 GME, AMC 샀으면 설거지 안당했을텐데...",4,역시 괜히 근본주가 아니구만....,0,FM주식_kw1.csv,derivation,title,
KOREA,2020-06-18,Unknown,FMkorea,설거지,역시나 아니나 다를까,어제부터 어그로 오지게 끌던\n금융업종사자 종토방문체 종자\n장전에 대웅제약 휴젤 타라고 싸지르고 욕쳐먹더니\n어제 오늘 글 모조리 글삭튀.\n주갤은 종토방이나 리딩방과 다르게 상당히 스마트개미들이라서\n그딴 설거지 안통하지..,33,누구였지???,0,FM주식_kw1.csv,derivation,text,
KOREA,2025-10-16,Unknown,FMkorea,설거지,올해 투자 자산 41억5천 돌파 했네요 / 앞으로의 계획,"지금 주식에 매수 안한 2억정도 있어서 합치면 41억5천 돌파했네요\n올해 돈 많이 버네요 ㅎㅎ\n저는 올해까지는 이렇게 불장이 올거라고 생각하구요\n10월 조정시즌 끝나고 11월달부터 다시 또 달릴거라 생각합니다.\n하지만 모든 종목이 달리기보단, 달리는것만 달릴것같습니다.\n유심히 보는게 코인쪽 입니다\n특히 알트코인들 보고있습니다 (메이저 알트코인, 메이저 밈코인)\n그래서 저도 주식에서 돈빼서 3억정도 도지 들어갔습니다\n2억정도 추매 예정입니다.\n코인쪽을 유심히 보는게 이번 트럼프 중국관세때 설거지 당한게 제 개인적으로는 의도가 보입니다.\n그리고 비트, 이더 말고는 이런 씹불장에서 크게 알트들이 안올랐어요\n아마 코인하시는분들은 많이 지쳤을거에요\n이렇게 지칠때 저는 담았습니다 도지가 아직 마이너스긴 하지만\n코인에서 -5~8%는 아무것도 아닌걸 알기에 ...\n제 개인적으로는 주식하시는분들도 시드머니에 5~10%정도는 메이저 알트 조금 담아보는것도 괜찮은 전략이라 생각합니다\n물론 제 전략을 따라 갈 필요는 없습니다.\n그리고 저는 내년에는 계속된 불장이든, 버블이든  주식 자산 20% 정도 제외하고 80%정도는 전부 버크셔해서웨이 or 코카콜라\n생각 중입니다.\n올해 수익률이 너무 높았기때문에 내년에는 욕심 버리고 버블장에서 안전하게 갈수있는 주식으로 갈아탈 생각입니다.\n올해는 제가 보기에 줄때 먹어야됩니다.\n국장은 네이버로 한번 크게 먹어보겠습니다\n그리고 여기가 주갤이긴 하지만 저도 도지코인 5억정도까지 매수 생각중이라 도지코인 나중에 결과나오면 그것도 알려드릴게요\n여러분들도 성투하세요 !!",163,코인은 저도 같은 생각 ㅋ\n근데 알트는 위험하다는 생각있어서\n비트 이더만 ㅎㅎ ;;;,2,FM주식_kw1.csv,derivation,text,
KOREA,2022-07-05,Unknown,FMkorea,설거지,거래량추세지표 설정하는 법,"1.hts 차트에서 우클릭 수식관리(M) 들어가면 위와같은 화면 나옴.\n여기에서 새로만들기 클릭후 2.지표명 거래량추세확인,설거지방지 지표 등등 알아서 이름 정해주고\n3.수식은 3번까지 쓸건데 여기에 추가될 수식 그냥 내가 적어주는거 복+붙 하면 됨\n수식1\n수식이름\n거래량\nPVI(C)+NVI(C)\n수식2\n수식이름 평균\nAVG(PVI(C),PERIOD)+AVG(NVI(C),PERIOD)\n수식3\n수식이름 표시\nA=PVI(C)+NVI(C);\nB=AVG(PVI(C),PERIOD)+AVG(NVI(C),PERIOD);\nMIN(A,B)\n지표조건 설정에서 period 그리고 나는 20일을 굉장히 중요하게 생각해서 기간 20일로 넣었는데\n이건 너희들 꼴리는대로 해도 된다. 자신한테 맞는 숫자 찾길 바람\n이제 라인설정 하는데\n색상은 거래량에 색상과 과열 이 두가지 색상 하나로 통일시켜주고 (나는 초록색으로 함)\n평균에 들어가서 똑같이 하면됨 나는 평균은 빨간색으로 통일시켜줬음.\n그리고 표시는 색상을 하얀색으로 모두 통일시켜줘라.\n기준값은 과열에 1씩 넣어야함 무조건\n이제 여기까지 다 했으면 수식검증 누르고 작업저장 꼭 누르고 확인 누르면\n새로운 지표 생긴다 잘써라\n급등주에 올라타서 언제내릴까 전전긍긍은 안하게 될꺼다\n디씨 글에있던거 스크랩 해놨음\n요긴하게 잘 사용하는중",4,mts는 안된다 데쑤,1,FM주식_kw1.csv,derivation,text,
KOREA,2025-11-23,Unknown,FMkorea,설거지,코인 오르는 이유,야이 참새 어쩌구야.\n존나 내렸으니까 그냥 올라갈수도 있는거지\n또 혼자 눈치없이 잡코 마지막 뻠핑이니 설거지니 싸이클상 끝이니 어쩌고 지껄여라\n야이 고래 어쩌구야.\n존나 내려갔으니까 오르는거 아니야.\n양심좀 챙겨라 1월부터 10월까지 하락장이면 어떡하냐고.\n126k에서 81k까지 갔다 왔으면 족하지 여기가 무슨\n아마존 11번가 블프냐 ?\n제발 양심좀 적당히 챙겨라 마지막 설거지 냄새 난다고 초치지 말고\n옆갤 퍼옴,57,79k 찍고 올라가자,2,FM주식_kw1.csv,derivation,title,
KOREA,2025-06-02,Unknown,FMkorea,설거지,재매이햄의 호텔경제학은 이미 주식시장에 적용중인데?,코스피 5천간다\n상법개정한다\n이걸로 국장 자금유입해서 활기가 돌고\n당선되고 철회하면?\n아 ㅋㅋㅋㅋ 내가 설거지 당하는 거 아님 그만이라고~,14,금투세로 활기뿐만 아니라 살기도 돌게 할듯 ㅋㅋ,1,FM주식_kw1.csv,derivation,title,
KOREA,2021-11-04,Unknown,FMkorea,설거지,카겜 차트보니까 정신나가겠네,설거지 오지게 당한다ㅋㅋ,3,정신나갈거같에,0,FM주식_kw1.csv,derivation,title,
KOREA,2021-10-22,ㅇㅇ (211.253),DCinside,설거지,설거지라고 하면 잠재적 가해자가 되는거야,- eidbek836,0,,0,DC_new10_kw1.csv,misogyny,title,
KOREA,2020-12-24,ㅇㅇ (222.104),DCinside,설거지,집에설거지나하러가라이거야 ㅋㅋㅋㅋㅋㅋㅋ,ㅋㅋ,0,,0,DC_new9_kw1.csv,misogyny,title,
KOREA,2021-10-26,ㅇㅇ (223.62),DCinside,설거지,확실히 펨코가 문화수도이긴 하네,설거지도 펨코가 크게 키운거고,0,,0,DC_new10_kw1.csv,misogyny,text,
KOREA,2021-10-24,ㅇㅇ (146.56),DCinside,설거지,공대나와서 공순이랑 섹스하면 설거지안할수있음?,ㅇㅇ,0,아 ㅋㅋ,0,DC_new10_kw1.csv,misogyny,title,
KOREA,2021-10-23,ㅇㅇ (119.206),DCinside,설거지,설거지 피해자 1호,- dc official App,2138,아라쭵,0,DC_new10_kw1.csv,misogyny,title,
KOREA,2021-11-03,Unknown,FMkorea,설거지,설거지글쓰다가 10일정지당했다 풀렸다,투표는 했다,80,ㅋㅋㅋㅋㅋㅋㅋ,0,FM정치_kw1.csv,misogyny,title,
KOREA,2021-09-27,ㅇㅇ (49.173),DCinside,설거지,ㄴ 피싸개김치년 설거지 담당이면 개추,실베 ㄱ,0,,0,DC_new10_kw1.csv,misogyny,title,
KOREA,2021-10-22,Unknown,FMkorea,설거지,설거지사건이 머닝..?,나도 알려조,16,꼬승이 미래에 많이 할일,1,FM자유_kw1.csv,misogyny,title,
KOREA,2021-10-23,ㅇㅇ (58.231),DCinside,설거지,설거지 얘기 지겹지도 않읂가,,4,,0,DC_new10_kw1.csv,misogyny,title,
KOREA,2021-10-25,ㅇㅇ (122.37),DCinside,설거지,근데 고광석도 설거지하다 죽지 않았냐?,ㅁㄴㅇㄹㄴ,0,,0,DC_new10_kw1.csv,misogyny,title,
KOREA,2021-10-24,ㅇㅇ (61.78),DCinside,설거지,설거지 100% 피하는 방법,이런애들 만나면 됨 ㅇㅇ,1,,0,DC_new10_kw1.csv,misogyny,title,
KOREA,2021-10-22,ㅇㅇ (121.152),DCinside,설거지,설거지그룹,ㅇㅇ,0,,0,DC_new10_kw1.csv,derivation,title,
